Tree,Band,Species,Period,Year,Year_Period,Height,Leaves,Herb,Diameter,Collect,NF,Notes,Dead,Plot_ID,Alive,Treatment,Use_Alive,Use_Dead,Block
307,1700,FRAM,early,2025,2025,18.5,8,0,2.21,No,No,,NA,C-18-M,1,Control,1,,Middle
307,2396,LITU,early,2025,2025,,,,,No,No,,,C-18-M,1,Control,1,,Middle
308,1692,RUAL,early,2025,2025,12.5,9,1,1.2,No,No,Leader dead ,NA,C-18-M,1,Control,1,,Middle
308,1693,PRSE,early,2025,2025,17,6,4,2.76,No,No,,NA,C-18-M,1,Control,1,,Middle
308,1694,VIDE,early,2025,2025,,,,,No,No,,,C-18-M,1,Control,1,,Middle
308,1695,PRSE,early,2025,2025,11,3,1,1.9,No,No,,NA,C-18-M,1,Control,1,,Middle
308,1696,PRSE,early,2025,2025,27,14,5,3.52,No,No,,NA,C-18-M,1,Control,1,,Middle
308,1697,NYSY,early,2025,2025,33,18,0,4.7,No,No,,NA,C-18-M,1,Control,1,,Middle
308,2300,QURU,early,2025,2025,10.5,2,0,1.43,No,No,,NA,C-18-M,1,Control,1,,Middle
308,4027,RUAL,early,2025,2025,36,9,0,1.48,No,No,,NA,C-18-M,1,Control,1,,Middle
309,697,FRAM,early,2025,2025,32,25,5,4.45,No,No,,NA,C-18-M,1,Control,1,,Middle
309,786,QURU,early,2025,2025,,,,,No,No,,,C-18-M,1,Control,1,,Middle
309,788,QURU,early,2025,2025,18,3,0,4.1,No,No,,NA,C-18-M,1,Control,1,,Middle
309,791,QURU,early,2025,2025,21,3,0,2.59,No,No,,NA,C-18-M,1,Control,1,,Middle
309,1691,NYSY,early,2025,2025,30,34,9,3.15,No,No,,NA,C-18-M,1,Control,1,,Middle
309,1938,QURU,early,2025,2025,,,,,No,No,,,C-18-M,1,Control,1,,Middle
309,4036,QURU,early,2025,2025,24,4,3,2.58,No,No,,NA,C-18-M,1,Control,1,,Middle
309,4037,QURU,early,2025,2025,21,3,3,0.33,No,No,,NA,C-18-M,1,Control,1,,Middle
309,4038,QURU,early,2025,2025,12.5,7,2,2.19,No,No,,NA,C-18-M,1,Control,1,,Middle
309,4039,QURU,early,2025,2025,17,4,3,2.91,No,No,,NA,C-18-M,1,Control,1,,Middle
309,4040,QURU,early,2025,2025,20,8,0,2.55,No,No,,NA,C-18-M,1,Control,1,,Middle
309,4041,QURU,early,2025,2025,13.5,4,3,1.94,No,No,,NA,C-18-M,1,Control,1,,Middle
309,4042,QURU,early,2025,2025,13,2,2,1.4,No,No,,NA,C-18-M,1,Control,1,,Middle
309,4043,QURU,early,2025,2025,13,5,5,2.39,No,No,,NA,C-18-M,1,Control,1,,Middle
309,4044,QURU,early,2025,2025,22,2,2,1.25,No,No,,NA,C-18-M,1,Control,1,,Middle
309,4045,QURU,early,2025,2025,25.5,6,6,2.85,No,No,,NA,C-18-M,1,Control,1,,Middle
309,4046,QURU,early,2025,2025,14,3,3,1.92,No,No,,NA,C-18-M,1,Control,1,,Middle
309,4047,QURU,early,2025,2025,13,5,3,1.94,No,No,,NA,C-18-M,1,Control,1,,Middle
309,4048,QURU,early,2025,2025,21,8,0,2.65,No,No,,NA,C-18-M,1,Control,1,,Middle
309,4095,QURU,early,2025,2025,19,2,2,2.7,No,No,,NA,C-18-M,1,Control,1,,Middle
309,4096,QURU,early,2025,2025,12.5,2,2,4.05,No,No,,NA,C-18-M,1,Control,1,,Middle
309,4097,QURU,early,2025,2025,14,2,1,2.63,No,No,,NA,C-18-M,1,Control,1,,Middle
309,4098,QURU,early,2025,2025,14,2,2,2.16,No,No,,NA,C-18-M,1,Control,1,,Middle
310,461,ACRU,early,2025,2025,20,4,4,3.64,No,No,,NA,C-18-M,1,Control,1,,Middle
310,635,ACSA,early,2025,2025,,,,,No,No,,,C-18-M,1,Control,1,,Middle
310,642,ACRU,early,2025,2025,24,11,5,6.88,No,No,,NA,C-18-M,1,Control,1,,Middle
310,1826,ACSP,early,2025,2025,,,,,No,No,,,C-18-M,1,Control,1,,Middle
310,1831,QURU,early,2025,2025,,,,,No,No,,,C-18-M,1,Control,1,,Middle
310,2385,ACRU,early,2025,2025,,,,,No,No,,,C-18-M,1,Control,1,,Middle
310,3708,ACRU,early,2025,2025,6.5,2,0,1.5,No,No,,NA,C-18-M,1,Control,1,,Middle
310,4213,FRAM,early,2025,2025,15.5,6,0,3.56,No,No,,NA,C-18-M,1,Control,1,,Middle
318,3967,LITU,early,2025,2025,4,5,0,0.53,No,No,,NA,C-18-M,1,Control,1,,Middle
394,464,ACSA,early,2025,2025,,,,,No,No,,,C-18-M,1,Control,1,,Middle
394,465,ACRU,early,2025,2025,,,,,No,No,,,C-18-M,1,Control,1,,Middle
394,3642,ACRU,early,2025,2025,10.5,4,1,1.49,No,No,,NA,C-18-M,1,Control,1,,Middle
394,4028,QURU,early,2025,2025,5.5,4,2,1.87,No,No,,NA,C-18-M,1,Control,1,,Middle
394,4029,QURU,early,2025,2025,7.5,7,1,1.72,No,No,,NA,C-18-M,1,Control,1,,Middle
394,4030,QURU,early,2025,2025,7,4,4,2.6,No,No,,NA,C-18-M,1,Control,1,,Middle
394,4031,QURU,early,2025,2025,9,6,6,3.14,No,No,,NA,C-18-M,1,Control,1,,Middle
394,4032,QURU,early,2025,2025,9.5,3,2,1.18,No,No,,NA,C-18-M,1,Control,1,,Middle
394,4033,QURU,early,2025,2025,13,6,6,2.67,No,No,,NA,C-18-M,1,Control,1,,Middle
394,4034,QURU,early,2025,2025,6,4,4,2.58,No,No,,NA,C-18-M,1,Control,1,,Middle
394,4035,QURU,early,2025,2025,6,3,2,1.06,No,No,,NA,C-18-M,1,Control,1,,Middle
395,1529,FRAM,early,2025,2025,16.5,6,1,3.71,No,No,,NA,C-18-M,1,Control,1,,Middle
395,1530,FRAM,early,2025,2025,22.5,8,1,2.52,No,No,,NA,C-18-M,1,Control,1,,Middle
395,1531,ULRU,early,2025,2025,30,11,1,2.74,No,No,,NA,C-18-M,1,Control,1,,Middle
999,210,FRAM,early,2025,2025,,,,,No,No,,,C-18-M,1,Control,1,,Middle
999,211,VIDE,early,2025,2025,11,10,10,4.47,No,No,,NA,C-18-M,1,Control,1,,Middle
999,212,FRAM,early,2025,2025,21,26,0,5.54,No,No,,NA,C-18-M,1,Control,1,,Middle
999,213,FRAM,early,2025,2025,,,,,No,No,,,C-18-M,1,Control,1,,Middle
999,1832,FRAM,early,2025,2025,7.5,5,2,1.78,No,No,,NA,C-18-M,1,Control,1,,Middle
999,1833,FRAM,early,2025,2025,20,17,2,4.05,No,No,dead leader ,NA,C-18-M,1,Control,1,,Middle
999,2775,FRAM,early,2025,2025,,,,,No,No,,,C-18-M,1,Control,1,,Middle
999,3890,RUAL,early,2025,2025,17,12,0,0.93,No,No,,NA,C-18-M,1,Control,1,,Middle
264,376,FRAM,early,2025,2025,33,48,12,7.91,No,No,,NA,C-18-N,1,Control,1,,North
264,377,FRAM,early,2025,2025,19.5,24,17,5.29,No,No,,NA,C-18-N,1,Control,1,,North
264,380,PRSE,early,2025,2025,9.5,3,2,3.38,No,No,,NA,C-18-N,1,Control,1,,North
264,381,FRAM,early,2025,2025,9,6,2,4.91,No,No,leader dead ,NA,C-18-N,1,Control,1,,North
264,383,FRAM,early,2025,2025,15.5,14,8,4.17,No,No,,NA,C-18-N,1,Control,1,,North
264,384,ACSA,early,2025,2025,,,,,No,No,,,C-18-N,1,Control,1,,North
264,385,ULRU,early,2025,2025,,,,,No,No,,,C-18-N,1,Control,1,,North
264,797,SAAL,early,2025,2025,,,,,No,No,,,C-18-N,1,Control,1,,North
264,3712,ACRU,early,2025,2025,9,4,1,1.02,No,No,,NA,C-18-N,1,Control,1,,North
264,3910,PRSE,early,2025,2025,6,4,2,1.53,No,No,,NA,C-18-N,1,Control,1,,North
265,373,FRAM,early,2025,2025,,,,,No,No,,,C-18-N,1,Control,1,,North
265,374,FRAM,early,2025,2025,,,,,No,No,,,C-18-N,1,Control,1,,North
265,375,FRAM,early,2025,2025,,,,,No,No,,,C-18-N,1,Control,1,,North
265,1035,FRAM,early,2025,2025,18.5,13,5,4.59,No,No,,NA,C-18-N,1,Control,1,,North
265,1983,PRSE,early,2025,2025,,,,,No,No,,,C-18-N,1,Control,1,,North
265,1984,FRAM,early,2025,2025,,,,,No,No,,,C-18-N,1,Control,1,,North
265,1985,FRAM,early,2025,2025,,,,,No,No,,,C-18-N,1,Control,1,,North
265,2352,PIST,early,2025,2025,,,,,No,No,,,C-18-N,1,Control,1,,North
265,3636,LITU,early,2025,2025,,,,,No,No,,,C-18-N,1,Control,1,,North
265,3637,ACRU,early,2025,2025,10.5,3,0,1.38,No,No,,NA,C-18-N,1,Control,1,,North
265,3750,FRAM,early,2025,2025,,,,,No,No,,,C-18-N,1,Control,1,,North
344,3505,ACRU,early,2025,2025,,,,,Yes,No,upholden+died,,C-18-S,0,Control,,1,South
344,4129,ACRU,early,2025,2025,,,,,Yes,No,,,C-18-S,0,Control,,1,South
386,4138,ACRU,early,2025,2025,,,,,Yes,No,,,C-18-S,0,Control,,1,South
389,12,CACO,early,2025,2025,,,,,Yes,No,,,C-18-S,0,Control,,1,South
186,104,FRAM,early,2025,2025,19,7,3,2.96,No,No,,NA,C-18-S,1,Control,1,,South
186,402,FRAM,early,2025,2025,13.5,8,7,2.28,No,No,,NA,C-18-S,1,Control,1,,South
186,406,FRAM,early,2025,2025,,,,,No,No,,,C-18-S,1,Control,1,,South
186,415,FRAM,early,2025,2025,7,2,1,1.73,No,No,,NA,C-18-S,1,Control,1,,South
186,417,FRAM,early,2025,2025,25.5,2,1,2.24,No,No,,NA,C-18-S,1,Control,1,,South
186,424,RUSP,early,2025,2025,,,,,No,No,,,C-18-S,1,Control,1,,South
186,425,VIAC,early,2025,2025,13,8,3,3.67,No,No,,NA,C-18-S,1,Control,1,,South
186,1918,FRAM,early,2025,2025,,,,,No,No,,,C-18-S,1,Control,1,,South
186,1919,RUAL,early,2025,2025,15,31,4,1.19,No,No,,NA,C-18-S,1,Control,1,,South
186,3389,VIAC,early,2025,2025,35,4,1,1.35,No,No,,NA,C-18-S,1,Control,1,,South
186,3806,RUSP,early,2025,2025,11.5,12,0,1.21,No,No,,NA,C-18-S,1,Control,1,,South
186,3807,FRAM,early,2025,2025,8.5,6,5,1.26,No,No,,NA,C-18-S,1,Control,1,,South
344,75,FRAM,early,2025,2025,33,8,2,3.68,No,No,viny ash ,NA,C-18-S,1,Control,1,,South
344,76,FRAM,early,2025,2025,30,8,8,3.37,No,No,,NA,C-18-S,1,Control,1,,South
344,77,FRAM,early,2025,2025,27,2,2,3.61,No,No,,NA,C-18-S,1,Control,1,,South
344,78,FRAM,early,2025,2025,19,12,12,2.95,No,No,Leader dead,NA,C-18-S,1,Control,1,,South
344,80,FRAM,early,2025,2025,14,20,5,5.29,No,No,Leader dead,NA,C-18-S,1,Control,1,,South
344,81,FRAM,early,2025,2025,10,5,0,2.92,No,No,,NA,C-18-S,1,Control,1,,South
344,83,FRAM,early,2025,2025,19.5,16,10,4.42,No,No,,NA,C-18-S,1,Control,1,,South
344,84,FRAM,early,2025,2025,38,19,3,6.85,No,No,,NA,C-18-S,1,Control,1,,South
344,85,FRAM,early,2025,2025,28,23,7,6.38,No,No,,NA,C-18-S,1,Control,1,,South
344,86,FRAM,early,2025,2025,20,6,0,4.14,No,No,,NA,C-18-S,1,Control,1,,South
344,87,FRAM,early,2025,2025,25,8,8,6.48,No,No,,NA,C-18-S,1,Control,1,,South
344,501,RHFR,early,2025,2025,49,28,9,4.27,No,No,,NA,C-18-S,1,Control,1,,South
344,503,FRAM,early,2025,2025,36,27,7,7.45,No,No,,NA,C-18-S,1,Control,1,,South
344,504,FRAM,early,2025,2025,35.5,38,3,8.09,No,No,,NA,C-18-S,1,Control,1,,South
344,1923,PRSE,early,2025,2025,8,3,2,1.86,No,No,,NA,C-18-S,1,Control,1,,South
344,3813,ACRU,early,2025,2025,8,2,1,0.76,No,No,,NA,C-18-S,1,Control,1,,South
344,3814,ACRU,early,2025,2025,7,4,2,0.74,No,No,,NA,C-18-S,1,Control,1,,South
344,3817,ACRU,early,2025,2025,6,4,3,0.58,No,No,,NA,C-18-S,1,Control,1,,South
344,3898,ACRU,early,2025,2025,7,2,2,0.9,No,No,,NA,C-18-S,1,Control,1,,South
344,3899,ACRU,early,2025,2025,7,2,0,1.39,No,No,,NA,C-18-S,1,Control,1,,South
344,4130,ACRU,early,2025,2025,8.5,2,2,1.39,No,No,,NA,C-18-S,1,Control,1,,South
344,4131,ACRU,early,2025,2025,10.5,2,2,0.82,No,No,,NA,C-18-S,1,Control,1,,South
344,4132,ACRU,early,2025,2025,7,2,2,0.81,No,No,,NA,C-18-S,1,Control,1,,South
344,4133,ACRU,early,2025,2025,7.5,2,0,1.22,No,No,,NA,C-18-S,1,Control,1,,South
344,4134,ACRU,early,2025,2025,7,4,4,0.7,No,No,,NA,C-18-S,1,Control,1,,South
344,4191,ACSA,early,2025,2025,5.5,1,0,1.15,No,No,,NA,C-18-S,1,Control,1,,South
386,88,FRAM,early,2025,2025,25,26,18,6.47,No,No,,NA,C-18-S,1,Control,1,,South
386,89,VIDE,early,2025,2025,14,12,5,4.44,No,No,,NA,C-18-S,1,Control,1,,South
386,94,FRAM,early,2025,2025,18,7,6,3.74,No,No,,NA,C-18-S,1,Control,1,,South
386,95,FRAM,early,2025,2025,14.5,10,1,7.58,No,No,,NA,C-18-S,1,Control,1,,South
386,98,ACRU,early,2025,2025,,,,,No,No,,,C-18-S,1,Control,1,,South
386,99,SAAL,early,2025,2025,25.5,7,3,2.59,No,No,,NA,C-18-S,1,Control,1,,South
386,1840,FRAM,early,2025,2025,17.5,29,27,4.8,No,No,,NA,C-18-S,1,Control,1,,South
386,1952,ACSA,early,2025,2025,12,2,2,2,No,No,,NA,C-18-S,1,Control,1,,South
386,1954,OSVI,early,2025,2025,77,123,46,8.25,No,No,,NA,C-18-S,1,Control,1,,South
386,2301,LITU,early,2025,2025,10.5,3,0,1.19,No,No,,NA,C-18-S,1,Control,1,,South
386,2760,OSVI,early,2025,2025,24.5,34,11,5.99,No,No,,NA,C-18-S,1,Control,1,,South
386,3501,ACRU,early,2025,2025,7,2,2,0.93,No,No,,NA,C-18-S,1,Control,1,,South
386,3502,ACRU,early,2025,2025,5.5,1,1,1.43,No,No,,NA,C-18-S,1,Control,1,,South
386,3503,ACRU,early,2025,2025,5.5,2,2,2.03,No,No,,NA,C-18-S,1,Control,1,,South
386,3809,ACRU,early,2025,2025,6,2,0,1.05,No,No,,NA,C-18-S,1,Control,1,,South
386,3810,ACRU,early,2025,2025,9.5,6,3,1.29,No,No,,NA,C-18-S,1,Control,1,,South
386,3811,PRSE,early,2025,2025,7,4,2,1.35,No,No,,NA,C-18-S,1,Control,1,,South
386,3812,ACRU,early,2025,2025,8,4,0,1,No,No,,NA,C-18-S,1,Control,1,,South
386,3813,ACRU,early,2025,2025,9.5,6,3,1.29,No,No,,NA,C-18-S,1,Control,1,,South
386,3815,ACRU,early,2025,2025,6.5,2,2,1.16,No,No,,NA,C-18-S,1,Control,1,,South
386,4136,ACRU,early,2025,2025,11,2,0,1.19,No,No,,NA,C-18-S,1,Control,1,,South
386,4137,ACRU,early,2025,2025,7,4,2,1.12,No,No,,NA,C-18-S,1,Control,1,,South
386,4139,ACRU,early,2025,2025,6,2,0,1.5,No,No,,NA,C-18-S,1,Control,1,,South
386,4190,ACRU,early,2025,2025,7,4,1,1.05,No,No,,NA,C-18-S,1,Control,1,,South
386,4204,ACRU,early,2025,2025,7,2,2,1.71,No,No,,NA,C-18-S,1,Control,1,,South
386,4205,ACRU,early,2025,2025,,,,,No,Yes,,,C-18-S,1,Control,1,,South
386,4206,ACRU,early,2025,2025,6.5,2,2,0.62,No,No,,NA,C-18-S,1,Control,1,,South
386,4290,ACRU,early,2025,2025,,,,,No,Yes,,,C-18-S,1,Control,1,,South
387,405,RUAL,early,2025,2025,34.5,24,9,2.02,No,No,,NA,C-18-S,1,Control,1,,South
387,418,FRAM,early,2025,2025,,,,,No,Yes,,,C-18-S,1,Control,1,,South
387,423,FRAM,early,2025,2025,94.5,7.2,16,8.99,No,No,,NA,C-18-S,1,Control,1,,South
387,608,UNK ID,early,2025,2025,,,,,No,Yes,,,C-18-S,1,Control,1,,South
387,1945,RUAL,early,2025,2025,,,,,No,Yes,,,C-18-S,1,Control,1,,South
387,2373,RHFR,early,2025,2025,,,,,No,Yes,,,C-18-S,1,Control,1,,South
387,2765,RHFR,early,2025,2025,,,,,No,Yes,,,C-18-S,1,Control,1,,South
387,3808,RUAL,early,2025,2025,16.5,12,1,1.76,No,No,,NA,C-18-S,1,Control,1,,South
304,198,FRAM,early,2025,2025,,,,,Yes,No,,,C-19-M,0,Control,,1,Middle
304,206,FRAM,early,2025,2025,,,,,Yes,No,,,C-19-M,0,Control,,1,Middle
306,698,FRAM,early,2025,2025,,,,,Yes,No,,,C-19-M,0,Control,,1,Middle
961,1566,FRAM,early,2025,2025,,,,,Yes,No,,,C-19-M,0,Control,,1,Middle
961,1576,FRAM,early,2025,2025,,,,,Yes,No,,,C-19-M,0,Control,,1,Middle
961,1601,FRAM,early,2025,2025,,,,,Yes,No,,,C-19-M,0,Control,,1,Middle
961,4251,ACSA,early,2025,2025,,,,,Yes,No,,,C-19-M,0,Control,,1,Middle
304,184,FRAM,early,2025,2025,12.5,2,1,1.67,No,No,,NA,C-19-M,1,Control,1,,Middle
304,186,FRAM,early,2025,2025,23.5,6,2,3.16,No,No,,NA,C-19-M,1,Control,1,,Middle
304,187,FRAM,early,2025,2025,16.5,5,1,2.72,No,No,,NA,C-19-M,1,Control,1,,Middle
304,188,FRAM,early,2025,2025,13,2,0,2.37,No,No,,NA,C-19-M,1,Control,1,,Middle
304,189,FRAM,early,2025,2025,30.5,2,2,4.31,No,No,,NA,C-19-M,1,Control,1,,Middle
304,190,FRAM,early,2025,2025,18,12,0,2.77,No,No,,NA,C-19-M,1,Control,1,,Middle
304,191,FRAM,early,2025,2025,13,4,0,3.07,No,No,,NA,C-19-M,1,Control,1,,Middle
304,192,FRAM,early,2025,2025,22.5,48,3,5.07,No,No,,NA,C-19-M,1,Control,1,,Middle
304,193,FRAM,early,2025,2025,10.5,2,0,1.77,No,No,,NA,C-19-M,1,Control,1,,Middle
304,194,FRAM,early,2025,2025,,,,,No,Yes,,,C-19-M,1,Control,1,,Middle
304,195,FRAM,early,2025,2025,15,12,1,3.37,No,No,,NA,C-19-M,1,Control,1,,Middle
304,197,FRAM,early,2025,2025,5,4,1,4.55,No,No,Dead Leader,NA,C-19-M,1,Control,1,,Middle
304,200,FRAM,early,2025,2025,,,,,No,No,,,C-19-M,1,Control,1,,Middle
304,201,FRAM,early,2025,2025,10.5,2,0,1.82,No,No,,NA,C-19-M,1,Control,1,,Middle
304,202,FRAM,early,2025,2025,17.5,12,3,2.49,No,No,,NA,C-19-M,1,Control,1,,Middle
304,203,FRAM,early,2025,2025,,,,,No,No,,,C-19-M,1,Control,1,,Middle
304,205,FRAM,early,2025,2025,5.5,0,0,1.85,No,No,Leader is Dead,NA,C-19-M,1,Control,1,,Middle
304,207,FRAM,early,2025,2025,15.5,2,1,1.56,No,No,,NA,C-19-M,1,Control,1,,Middle
304,208,MASP,early,2025,2025,15,6,2,1.98,No,No,Rebanded 3965,NA,C-19-M,1,Control,1,,Middle
304,209,FRAM,early,2025,2025,16.5,1,1,1.89,No,No,,NA,C-19-M,1,Control,1,,Middle
304,1941,ACRU,early,2025,2025,,,,,No,No,,,C-19-M,1,Control,1,,Middle
304,5000,FRAM,early,2025,2025,,,,,No,No,,,C-19-M,1,Control,1,,Middle
305,1671,ACSA,early,2025,2025,,,,,No,No,,,C-19-M,1,Control,1,,Middle
305,1673,ACSA,early,2025,2025,,,,,No,No,,,C-19-M,1,Control,1,,Middle
305,1676,QUAL,early,2025,2025,12.5,4,4,2.34,No,No,,NA,C-19-M,1,Control,1,,Middle
305,1678,ACRU,early,2025,2025,,,,,No,No,,,C-19-M,1,Control,1,,Middle
305,1679,CACA,early,2025,2025,9,12,1,1.86,No,No,,NA,C-19-M,1,Control,1,,Middle
305,1681,ACSA,early,2025,2025,,,,,No,No,,,C-19-M,1,Control,1,,Middle
305,1682,ACSA,early,2025,2025,,,,,No,No,,,C-19-M,1,Control,1,,Middle
305,1683,PRSE,early,2025,2025,12,8,2,2.6,No,No,,NA,C-19-M,1,Control,1,,Middle
305,1685,PRSE,early,2025,2025,21,11,8,2.63,No,No,,NA,C-19-M,1,Control,1,,Middle
305,2648,QUAL,early,2025,2025,7,3,3,0.88,No,No,,NA,C-19-M,1,Control,1,,Middle
305,2761,LITU,early,2025,2025,,,,,No,No,,,C-19-M,1,Control,1,,Middle
305,3781,ACRU,early,2025,2025,,,,,No,Yes,,,C-19-M,1,Control,1,,Middle
306,696,ACSA,early,2025,2025,27,4,4,7.12,No,No,,NA,C-19-M,1,Control,1,,Middle
306,699,FRAM,early,2025,2025,12,23,6,8.14,No,No,FRAM,NA,C-19-M,1,Control,1,,Middle
306,700,ACSA,early,2025,2025,22,8,4,6.63,No,No,ACSA,NA,C-19-M,1,Control,1,,Middle
306,1688,FRAM,early,2025,2025,28,7,1,4.88,No,No,,NA,C-19-M,1,Control,1,,Middle
306,1689,FRAM,early,2025,2025,22,18,0,5.44,No,No,,NA,C-19-M,1,Control,1,,Middle
306,1699,FRAM,early,2025,2025,22.5,13,2,4.01,No,No,,NA,C-19-M,1,Control,1,,Middle
306,1940,QURU,early,2025,2025,12,8,5,2.18,No,No,,NA,C-19-M,1,Control,1,,Middle
306,3592,QURU,early,2025,2025,12,1,1,1.66,No,No,,NA,C-19-M,1,Control,1,,Middle
306,3969,VIRI,early,2025,2025,9.5,4,0,0.41,No,No,,NA,C-19-M,1,Control,1,,Middle
392,693,FRAM,early,2025,2025,34.5,48,4,7.87,No,No,,NA,C-19-M,1,Control,1,,Middle
392,1659,FRAM,early,2025,2025,15,4,1,1.81,No,No,Not Dead,NA,C-19-M,1,Control,1,,Middle
392,1660,FRAM,early,2025,2025,32,25,1,5.2,No,No,,NA,C-19-M,1,Control,1,,Middle
392,1661,FRAM,early,2025,2025,43,21,1,7.05,No,No,,NA,C-19-M,1,Control,1,,Middle
392,1664,FRAM,early,2025,2025,,,,,No,No,,,C-19-M,1,Control,1,,Middle
392,1665,FRAM,early,2025,2025,32,6,1,4.08,No,No,,NA,C-19-M,1,Control,1,,Middle
392,1666,FRAM,early,2025,2025,,,,,No,Yes,,,C-19-M,1,Control,1,,Middle
392,1667,FRAM,early,2025,2025,39,20,4,3.54,No,No,,NA,C-19-M,1,Control,1,,Middle
392,1668,FRAM,early,2025,2025,19,4,1,3.18,No,No,,NA,C-19-M,1,Control,1,,Middle
392,2346,FRAM,early,2025,2025,,,,,No,No,,,C-19-M,1,Control,1,,Middle
392,3905,QURU,early,2025,2025,13.5,3,2,1.31,No,No,,NA,C-19-M,1,Control,1,,Middle
392,3993,PRSE,early,2025,2025,7,4,1,0.7,No,No,,NA,C-19-M,1,Control,1,,Middle
392,3994,LISP,early,2025,2025,8,7,0,0.26,No,No,,NA,C-19-M,1,Control,1,,Middle
393,694,FRAM,early,2025,2025,20,21,0,7.85,No,No,,NA,C-19-M,1,Control,1,,Middle
393,1669,FRAM,early,2025,2025,30,8,4,1.32,No,No,,NA,C-19-M,1,Control,1,,Middle
393,2781,LITU,early,2025,2025,9.5,2,1,0.81,No,No,,NA,C-19-M,1,Control,1,,Middle
393,3971,QURU,early,2025,2025,10,6,6,5.57,No,No,,NA,C-19-M,1,Control,1,,Middle
393,3972,QURU,early,2025,2025,10,6,0,1.23,No,No,,NA,C-19-M,1,Control,1,,Middle
393,3973,QURU,early,2025,2025,10,2,1,0.37,No,No,,NA,C-19-M,1,Control,1,,Middle
393,3974,QURU,early,2025,2025,15,4,3,1.97,No,No,,NA,C-19-M,1,Control,1,,Middle
393,3975,QURU,early,2025,2025,16.5,3,2,3.42,No,No,,NA,C-19-M,1,Control,1,,Middle
393,3976,QURU,early,2025,2025,10,5,0,3.77,No,No,,NA,C-19-M,1,Control,1,,Middle
393,3977,QURU,early,2025,2025,8,3,1,0.43,No,No,,NA,C-19-M,1,Control,1,,Middle
393,3978,QURU,early,2025,2025,20,4,3,1.64,No,No,,NA,C-19-M,1,Control,1,,Middle
393,3979,QURU,early,2025,2025,14.5,3,3,2.3,No,No,,NA,C-19-M,1,Control,1,,Middle
393,3980,QURU,early,2025,2025,10,3,2,2.3,No,No,,NA,C-19-M,1,Control,1,,Middle
393,3981,QURU,early,2025,2025,14.5,4,2,1.98,No,No,,NA,C-19-M,1,Control,1,,Middle
393,3982,QURU,early,2025,2025,14,4,1,2.93,No,No,,NA,C-19-M,1,Control,1,,Middle
393,3983,QURU,early,2025,2025,13,3,0,2.46,No,No,,NA,C-19-M,1,Control,1,,Middle
393,3984,QURU,early,2025,2025,10,4,0,2.3,No,No,,NA,C-19-M,1,Control,1,,Middle
393,3985,QURU,early,2025,2025,7,5,3,3.51,No,No,,NA,C-19-M,1,Control,1,,Middle
393,3986,QURU,early,2025,2025,13.5,4,1,2.51,No,No,,NA,C-19-M,1,Control,1,,Middle
393,3987,QURU,early,2025,2025,14,4,3,3.18,No,No,,NA,C-19-M,1,Control,1,,Middle
393,3988,QURU,early,2025,2025,13,3,0,2.75,No,No,,NA,C-19-M,1,Control,1,,Middle
393,3989,QURU,early,2025,2025,10,3,1,3.41,No,No,,NA,C-19-M,1,Control,1,,Middle
393,3990,QURU,early,2025,2025,14,1,1,2.94,No,No,,NA,C-19-M,1,Control,1,,Middle
393,3991,QURU,early,2025,2025,13.5,7,6,3.03,No,No,,NA,C-19-M,1,Control,1,,Middle
393,3992,QURU,early,2025,2025,15,4,3,3.81,No,No,,NA,C-19-M,1,Control,1,,Middle
393,4253,ACRU,early,2025,2025,,,,,No,Yes,,,C-19-M,1,Control,1,,Middle
961,703,FRAM,early,2025,2025,8,4,0,4.09,No,No,,NA,C-19-M,1,Control,1,,Middle
961,706,RUAL,early,2025,2025,68,28,7,1.74,No,No,,NA,C-19-M,1,Control,1,,Middle
961,708,RHFR,early,2025,2025,53,34,5,6.57,No,No,,NA,C-19-M,1,Control,1,,Middle
961,709,FRAM,early,2025,2025,17,11,7,2.78,No,No,,NA,C-19-M,1,Control,1,,Middle
961,710,FRAM,early,2025,2025,13,18,2,4.1,No,No,,NA,C-19-M,1,Control,1,,Middle
961,713,FRAM,early,2025,2025,35,53,3,9.12,No,No,,NA,C-19-M,1,Control,1,,Middle
961,715,FRAM,early,2025,2025,26,17,9,6.59,No,No,,NA,C-19-M,1,Control,1,,Middle
961,720,FRAM,early,2025,2025,18.5,21,4,6.34,No,No,,NA,C-19-M,1,Control,1,,Middle
961,721,FRAM,early,2025,2025,8,7,3,0.94,No,No,,NA,C-19-M,1,Control,1,,Middle
961,723,FRAM,early,2025,2025,19,20,6,4.27,No,No,,NA,C-19-M,1,Control,1,,Middle
961,724,FRAM,early,2025,2025,14,12,0,1.74,No,No,,NA,C-19-M,1,Control,1,,Middle
961,1526,ACSA,early,2025,2025,,,,,No,Yes,,,C-19-M,1,Control,1,,Middle
961,1564,FRAM,early,2025,2025,6.5,2,0,2.97,No,No,,NA,C-19-M,1,Control,1,,Middle
961,1565,FRAM,early,2025,2025,12.5,15,1,6.27,No,No,,NA,C-19-M,1,Control,1,,Middle
961,1568,FRAM,early,2025,2025,22,11,4,3.51,No,No,,NA,C-19-M,1,Control,1,,Middle
961,1571,ACSA,early,2025,2025,,,,,No,Yes,,,C-19-M,1,Control,1,,Middle
961,1573,ROMU,early,2025,2025,142,234,67,6.19,No,No,,NA,C-19-M,1,Control,1,,Middle
961,1574,ACSA,early,2025,2025,7,2,2,2.05,No,No,,NA,C-19-M,1,Control,1,,Middle
961,1575,FRAM,early,2025,2025,,,,,No,Yes,,,C-19-M,1,Control,1,,Middle
961,2708,FAGR,early,2025,2025,,,,,No,Yes,,,C-19-M,1,Control,1,,Middle
961,3698,ACRU,early,2025,2025,,,,,No,Yes,,,C-19-M,1,Control,1,,Middle
961,4212,ACRU,early,2025,2025,9,3,2,0.89,No,No,,NA,C-19-M,1,Control,1,,Middle
978,1541,FRAM,early,2025,2025,,,,,No,Yes,,,C-19-M,1,Control,1,,Middle
978,1546,ACRU,early,2025,2025,,,,,No,Yes,,,C-19-M,1,Control,1,,Middle
978,1547,FRAM,early,2025,2025,15.5,7,1,2.48,No,No,,NA,C-19-M,1,Control,1,,Middle
978,1554,ACRU,early,2025,2025,,,,,No,Yes,,,C-19-M,1,Control,1,,Middle
978,1556,ACSA,early,2025,2025,,,,,No,Yes,,,C-19-M,1,Control,1,,Middle
978,2766,ACRU,early,2025,2025,,,,,No,Yes,,,C-19-M,1,Control,1,,Middle
978,2794,QUAL,early,2025,2025,14.5,4,0,2.42,No,No,,NA,C-19-M,1,Control,1,,Middle
978,3778,ACRU,early,2025,2025,6,4,1,0.72,No,No,,NA,C-19-M,1,Control,1,,Middle
978,3970,ACRU,early,2025,2025,5.5,4,2,0.76,No,No,,NA,C-19-M,1,Control,1,,Middle
187,260,FRAM,early,2025,2025,,,,,No,Yes,,,C-19-N,1,Control,1,,North
187,261,PRSE,early,2025,2025,44,45,23,4.76,No,No,,NA,C-19-N,1,Control,1,,North
187,3678,PRSE,early,2025,2025,12,3,1,2.25,No,No,,NA,C-19-N,1,Control,1,,North
269,704,FRAM,early,2025,2025,60.5,82,26,6.93,No,No,,NA,C-19-N,1,Control,1,,North
269,747,LITU,early,2025,2025,,,,,No,Yes,,,C-19-N,1,Control,1,,North
269,3896,RHFR,early,2025,2025,,,,,No,Yes,,,C-19-N,1,Control,1,,North
270,366,FRAM,early,2025,2025,24,23,17,6.42,No,No,,NA,C-19-N,1,Control,1,,North
270,368,FRAM,early,2025,2025,23.5,19,4,5.79,No,No,,NA,C-19-N,1,Control,1,,North
270,369,FRAM,early,2025,2025,31.5,35,4,5.28,No,No,,NA,C-19-N,1,Control,1,,North
270,559,FRAM,early,2025,2025,30,26,8,4.29,No,No,,NA,C-19-N,1,Control,1,,North
270,1987,PRSE,early,2025,2025,32,21,20,4.5,No,No,,NA,C-19-N,1,Control,1,,North
270,2698,FRAM,early,2025,2025,11,4,3,2.57,No,No,,NA,C-19-N,1,Control,1,,North
270,2699,FRAM,early,2025,2025,23,11,11,3.95,No,No,,NA,C-19-N,1,Control,1,,North
270,3203,PRSE,early,2025,2025,,,,,No,Yes,,,C-19-N,1,Control,1,,North
270,3629,ACRU,early,2025,2025,,,,,No,Yes,,,C-19-N,1,Control,1,,North
270,3632,ACRU,early,2025,2025,,,,,No,Yes,,,C-19-N,1,Control,1,,North
270,3633,PRSE,early,2025,2025,10,4,3,1.6,No,No,,NA,C-19-N,1,Control,1,,North
270,3894,LITU,early,2025,2025,4,4,0,0.9,No,No,,NA,C-19-N,1,Control,1,,North
179,591,FRAM,early,2025,2025,,,,,Yes,No,,,C-19-S,0,Control,,1,South
183,1522,FRAM,early,2025,2025,,,,,Yes,No,,,C-19-S,0,Control,,1,South
183,4146,ACRU,early,2025,2025,,,,,Yes,No,,,C-19-S,0,Control,,1,South
384,3593,FRAM,early,2025,2025,,,,,Yes,No,,,C-19-S,0,Control,,1,South
390,687,MASP,early,2025,2025,,,,,Yes,No,,,C-19-S,0,Control,,1,South
391,3719,RHFR,early,2025,2025,,,,,Yes,No,,,C-19-S,0,Control,,1,South
175,682,VIDE,early,2025,2025,14,6,3,2.35,No,No,,NA,C-19-S,1,Control,1,,South
175,683,VIDE,early,2025,2025,5,4,2,1.79,No,No,,NA,C-19-S,1,Control,1,,South
175,684,ULRU,early,2025,2025,,,,,No,No,,,C-19-S,1,Control,1,,South
175,685,VIDE,early,2025,2025,16.5,8,2,4.33,No,No,,NA,C-19-S,1,Control,1,,South
175,1924,VIDE,early,2025,2025,18,16,2,4.41,No,No,,NA,C-19-S,1,Control,1,,South
175,1995,VIDE,early,2025,2025,21,18,2,2.97,No,No,,NA,C-19-S,1,Control,1,,South
175,2764,ULRU,early,2025,2025,,,,,No,Yes,,,C-19-S,1,Control,1,,South
179,592,FRAM,early,2025,2025,32,37,13,7.92,No,No,,NA,C-19-S,1,Control,1,,South
179,593,FRAM,early,2025,2025,45,88,9,7.97,No,No,,NA,C-19-S,1,Control,1,,South
179,768,FRAM,early,2025,2025,24.5,18,4,4.52,No,No,,NA,C-19-S,1,Control,1,,South
180,56,QURU,early,2025,2025,,,,,No,Yes,,,C-19-S,1,Control,1,,South
180,57,CACO,early,2025,2025,,,,,No,Yes,,,C-19-S,1,Control,1,,South
180,58,ACSA,early,2025,2025,11,2,0,3.66,No,No,,NA,C-19-S,1,Control,1,,South
180,63,FRAM,early,2025,2025,30,10,10,4.09,No,No,,NA,C-19-S,1,Control,1,,South
180,65,FRAM,early,2025,2025,17.5,16,4,4.72,No,No,leader dead,NA,C-19-S,1,Control,1,,South
180,66,ULRU,early,2025,2025,44.5,9,3,4.99,No,No,leader dead,NA,C-19-S,1,Control,1,,South
180,67,ACSA,early,2025,2025,13.5,2,1,1.8,No,No,,NA,C-19-S,1,Control,1,,South
180,68,ACSA,early,2025,2025,,,,,No,Yes,,,C-19-S,1,Control,1,,South
180,505,FRAM,early,2025,2025,58.5,34,7,6.25,No,No,,NA,C-19-S,1,Control,1,,South
180,507,FRAM,early,2025,2025,75,61,12,11.54,No,No,,NA,C-19-S,1,Control,1,,South
180,2790,FRAM,early,2025,2025,,,,,No,Yes,,,C-19-S,1,Control,1,,South
180,3819,FRAM,early,2025,2025,14,9,6,5.38,No,No,,NA,C-19-S,1,Control,1,,South
180,3996,RHFR,early,2025,2025,59,15,5,4.01,No,No,,NA,C-19-S,1,Control,1,,South
183,739,PRSE,early,2025,2025,18,11,4,3.87,No,No,,NA,C-19-S,1,Control,1,,South
183,744,FRAM,early,2025,2025,21.5,10,5,3.28,No,No,,NA,C-19-S,1,Control,1,,South
183,745,FRAM,early,2025,2025,14,17,2,4.15,No,No,,NA,C-19-S,1,Control,1,,South
183,746,FRAM,early,2025,2025,15,6,1,4.19,No,No,,NA,C-19-S,1,Control,1,,South
183,761,FRAM,early,2025,2025,33,25,10,4.41,No,No,,NA,C-19-S,1,Control,1,,South
183,1516,PRSE,early,2025,2025,14,2,1,2.12,No,No,,NA,C-19-S,1,Control,1,,South
183,1518,QURU,early,2025,2025,15,6,2,3.25,No,No,,NA,C-19-S,1,Control,1,,South
183,1519,FRAM,early,2025,2025,8,2,2,1.6,No,No,,NA,C-19-S,1,Control,1,,South
183,1520,FRAM,early,2025,2025,19,6,3,2.95,No,No,,NA,C-19-S,1,Control,1,,South
183,4144,LIBE,early,2025,2025,7.5,3,3,2.42,No,No,,NA,C-19-S,1,Control,1,,South
183,4145,ACRU,early,2025,2025,10,2,2,0.83,No,No,,NA,C-19-S,1,Control,1,,South
183,4207,ACRU,early,2025,2025,7,2,2,0.93,No,No,,NA,C-19-S,1,Control,1,,South
183,4209,ACRU,early,2025,2025,5.5,2,0,0.96,No,No,,NA,C-19-S,1,Control,1,,South
183,4211,ACRU,early,2025,2025,,,,,No,Yes,,,C-19-S,1,Control,1,,South
184,255,FRAM,early,2025,2025,24,25,2,6.39,No,No,,NA,C-19-S,1,Control,1,,South
184,552,FRAM,early,2025,2025,64,35,20,6.5,No,No,,NA,C-19-S,1,Control,1,,South
184,553,FRAM,early,2025,2025,39.5,47,9,7.54,No,No,,NA,C-19-S,1,Control,1,,South
184,554,FRAM,early,2025,2025,84,101,11,8.38,No,No,,NA,C-19-S,1,Control,1,,South
184,555,FRAM,early,2025,2025,46,36,7,6.3,No,No,,NA,C-19-S,1,Control,1,,South
184,556,FRAM,early,2025,2025,91,29,10,10.37,No,No,,NA,C-19-S,1,Control,1,,South
184,557,FRAM,early,2025,2025,21.5,16,3,5.36,No,No,,NA,C-19-S,1,Control,1,,South
184,1857,ROMU,early,2025,2025,47,166,12,4.22,No,No,,NA,C-19-S,1,Control,1,,South
184,1858,LITU,early,2025,2025,,,,,No,Yes,,,C-19-S,1,Control,1,,South
184,4143,ACRU,early,2025,2025,,,,,No,Yes,,,C-19-S,1,Control,1,,South
184,4288,ACRU,early,2025,2025,8,2,2,0.64,No,No,,NA,C-19-S,1,Control,1,,South
384,732,FRAM,early,2025,2025,14.5,10,8,4.53,No,No,,NA,C-19-S,1,Control,1,,South
384,733,FRAM,early,2025,2025,,,,,No,Yes,,,C-19-S,1,Control,1,,South
384,734,LITU,early,2025,2025,94,27,2,8.56,No,No,,NA,C-19-S,1,Control,1,,South
384,735,FRAM,early,2025,2025,,,,,No,Yes,,,C-19-S,1,Control,1,,South
384,736,FRAM,early,2025,2025,37,33,6,4.71,No,No,,NA,C-19-S,1,Control,1,,South
384,737,ULRU,early,2025,2025,59,21,7,5.06,No,No,,NA,C-19-S,1,Control,1,,South
384,738,FRAM,early,2025,2025,37,47,14,4.48,No,No,,NA,C-19-S,1,Control,1,,South
384,1524,FRAM,early,2025,2025,15.5,5,2,3.62,No,No,,NA,C-19-S,1,Control,1,,South
384,3820,RUSP,early,2025,2025,53,27,4,2.88,No,No,,NA,C-19-S,1,Control,1,,South
385,740,FRAM,early,2025,2025,14,9,1,3.74,No,No,,NA,C-19-S,1,Control,1,,South
385,741,FRAM,early,2025,2025,,,,,No,Yes,,,C-19-S,1,Control,1,,South
385,742,FRAM,early,2025,2025,21,26,10,5.83,No,No,,NA,C-19-S,1,Control,1,,South
390,664,FRAM,early,2025,2025,14,12,2,1.65,No,No,,NA,C-19-S,1,Control,1,,South
390,686,CEOR,early,2025,2025,110,72,1,4.66,No,No,,NA,C-19-S,1,Control,1,,South
390,690,FRAM,early,2025,2025,43,44,7,8.54,No,No,,NA,C-19-S,1,Control,1,,South
390,1808,VIDE,early,2025,2025,24,25,8,2.51,No,No,,NA,C-19-S,1,Control,1,,South
390,1991,FRAM,early,2025,2025,25.5,14,3,5.14,No,No,,NA,C-19-S,1,Control,1,,South
390,1992,RHFR,early,2025,2025,65,23,13,6.87,No,No,,NA,C-19-S,1,Control,1,,South
390,1993,FRAM,early,2025,2025,22.5,15,4,3.14,No,No,,NA,C-19-S,1,Control,1,,South
390,2778,FRAM,early,2025,2025,,,,,No,Yes,,,C-19-S,1,Control,1,,South
391,245,RHFR,early,2025,2025,26.5,6,5,2.25,No,No,,NA,C-19-S,1,Control,1,,South
391,247,RHFR,early,2025,2025,17,6,6,1.92,No,No,,NA,C-19-S,1,Control,1,,South
391,248,RHFR,early,2025,2025,,,,,No,Yes,,,C-19-S,1,Control,1,,South
391,249,PRSE,early,2025,2025,11,3,0,1.18,No,No,,NA,C-19-S,1,Control,1,,South
391,536,FRAM,early,2025,2025,37,9,3,7.35,No,No,,NA,C-19-S,1,Control,1,,South
391,538,RHFR,early,2025,2025,33,8,4,2.72,No,No,,NA,C-19-S,1,Control,1,,South
391,541,FRAM,early,2025,2025,18,18,8,6.97,No,No,,NA,C-19-S,1,Control,1,,South
391,545,FRAM,early,2025,2025,23,22,7,5.75,No,No,,NA,C-19-S,1,Control,1,,South
391,546,FRAM,early,2025,2025,8.5,4,1,3.12,No,No,,NA,C-19-S,1,Control,1,,South
391,549,FRAM,early,2025,2025,38,23,15,6.04,No,No,,NA,C-19-S,1,Control,1,,South
391,551,LITU,early,2025,2025,59,14,5,11.98,No,No,,NA,C-19-S,1,Control,1,,South
391,1809,FRAM,early,2025,2025,,,,,No,Yes,,,C-19-S,1,Control,1,,South
391,1851,VIRI,early,2025,2025,,,,,No,Yes,,,C-19-S,1,Control,1,,South
391,3718,RHFR,early,2025,2025,11,1,0,0.37,No,No,,NA,C-19-S,1,Control,1,,South
391,3720,VISP,early,2025,2025,7,2,0,0.87,No,No,,NA,C-19-S,1,Control,1,,South
940,397,FRAM,early,2025,2025,21.5,16,16,5.42,No,No,,NA,C-19-S,1,Control,1,,South
940,400,FRAM,early,2025,2025,13,24,9,5.45,No,No,,NA,C-19-S,1,Control,1,,South
940,429,PRSE,early,2025,2025,15,7,5,2.8,No,No,,NA,C-19-S,1,Control,1,,South
940,2795,FRAM,early,2025,2025,39,38,6,12.32,No,No,,NA,C-19-S,1,Control,1,,South
940,3509,LITU,early,2025,2025,6.5,2,0,1.27,No,No,,NA,C-19-S,1,Control,1,,South
940,4142,ACRU,early,2025,2025,7,4,4,0.7,No,No,,NA,C-19-S,1,Control,1,,South
185,3630,LITU,early,2025,2025,,,,,Yes,No,,,IC+TSI-18-M,0,IC+TSI,,1,Middle
185,3897,RHFR,early,2025,2025,,,,,Yes,No,,,IC+TSI-18-M,0,IC+TSI,,1,Middle
185,4254,ACRU,early,2025,2025,,,,,Yes,No,,,IC+TSI-18-M,0,IC+TSI,,1,Middle
185,4256,ACRU,early,2025,2025,,,,,Yes,No,,,IC+TSI-18-M,0,IC+TSI,,1,Middle
192,4181,ACRU,early,2025,2025,,,,,Yes,No,,,IC+TSI-18-M,0,IC+TSI,,1,Middle
192,4182,ACRU,early,2025,2025,,,,,Yes,No,,,IC+TSI-18-M,0,IC+TSI,,1,Middle
345,4170,ACRU,early,2025,2025,,,,,Yes,No,,,IC+TSI-18-M,0,IC+TSI,,1,Middle
380,4164,ACRU,early,2025,2025,,,,,Yes,No,,,IC+TSI-18-M,0,IC+TSI,,1,Middle
185,3631,SAAL,early,2025,2025,12,8,3,1.46,No,No,,NA,IC+TSI-18-M,1,IC+TSI,1,,Middle
185,4255,ACRU,early,2025,2025,7,2,2,0.83,No,No,,NA,IC+TSI-18-M,1,IC+TSI,1,,Middle
185,19121,ACSP,early,2025,2025,,,,,No,Yes,,,IC+TSI-18-M,1,IC+TSI,1,,Middle
192,432,FRAM,early,2025,2025,,,,,No,Yes,,,IC+TSI-18-M,1,IC+TSI,1,,Middle
192,435,FRAM,early,2025,2025,,,,,No,Yes,,,IC+TSI-18-M,1,IC+TSI,1,,Middle
192,3519,LITU,early,2025,2025,10,6,3,1.68,No,No,,NA,IC+TSI-18-M,1,IC+TSI,1,,Middle
192,4180,ACRU,early,2025,2025,8,4,4,1.55,No,No,,NA,IC+TSI-18-M,1,IC+TSI,1,,Middle
192,4183,ACRU,early,2025,2025,9,4,4,1.32,No,No,,NA,IC+TSI-18-M,1,IC+TSI,1,,Middle
192,4185,ACRU,early,2025,2025,7,2,0,1.5,No,No,,NA,IC+TSI-18-M,1,IC+TSI,1,,Middle
195,1757,FRAM,early,2025,2025,,,,,No,Yes,,,IC+TSI-18-M,1,IC+TSI,1,,Middle
195,1758,RUAL,early,2025,2025,,,,,No,Yes,,,IC+TSI-18-M,1,IC+TSI,1,,Middle
195,1759,FRAM,early,2025,2025,33,3,3,3.14,No,No,,NA,IC+TSI-18-M,1,IC+TSI,1,,Middle
195,1764,FRAM,early,2025,2025,24.5,16,16,5.2,No,No,,NA,IC+TSI-18-M,1,IC+TSI,1,,Middle
195,1765,FRAM,early,2025,2025,13,2,2,2.57,No,No,,NA,IC+TSI-18-M,1,IC+TSI,1,,Middle
195,1767,FRAM,early,2025,2025,,,,,No,Yes,,,IC+TSI-18-M,1,IC+TSI,1,,Middle
195,1768,FRAM,early,2025,2025,39,32,10,8.03,No,No,,NA,IC+TSI-18-M,1,IC+TSI,1,,Middle
195,3777,ACRU,early,2025,2025,,,,,No,Yes,,,IC+TSI-18-M,1,IC+TSI,1,,Middle
345,1773,ACSP,early,2025,2025,,,,,No,Yes,,,IC+TSI-18-M,1,IC+TSI,1,,Middle
345,1778,ACSP,early,2025,2025,,,,,No,Yes,,,IC+TSI-18-M,1,IC+TSI,1,,Middle
345,1784,ACSA,early,2025,2025,,,,,No,Yes,,,IC+TSI-18-M,1,IC+TSI,1,,Middle
345,1907,ACSP,early,2025,2025,,,,,No,Yes,,,IC+TSI-18-M,1,IC+TSI,1,,Middle
345,1908,ACSP,early,2025,2025,,,,,No,Yes,,,IC+TSI-18-M,1,IC+TSI,1,,Middle
345,1909,ACSP,early,2025,2025,,,,,No,Yes,,,IC+TSI-18-M,1,IC+TSI,1,,Middle
345,1910,ACSP,early,2025,2025,,,,,No,Yes,,,IC+TSI-18-M,1,IC+TSI,1,,Middle
345,2651,VIRI,early,2025,2025,,,,,No,Yes,,,IC+TSI-18-M,1,IC+TSI,1,,Middle
345,3771,ACRU,early,2025,2025,,,,,No,Yes,,,IC+TSI-18-M,1,IC+TSI,1,,Middle
345,3772,ACRU,early,2025,2025,12,4,4,0.68,No,No,,NA,IC+TSI-18-M,1,IC+TSI,1,,Middle
345,3774,ACRU,early,2025,2025,12,3,1,0.95,No,No,,NA,IC+TSI-18-M,1,IC+TSI,1,,Middle
345,3870,RHFR,early,2025,2025,7,4,1,0.65,No,No,,NA,IC+TSI-18-M,1,IC+TSI,1,,Middle
345,4168,ACRU,early,2025,2025,8,4,4,0.93,No,No,,NA,IC+TSI-18-M,1,IC+TSI,1,,Middle
345,4169,ACRU,early,2025,2025,,,,,No,Yes,,,IC+TSI-18-M,1,IC+TSI,1,,Middle
380,304,FRAM,early,2025,2025,29.5,40,2,7.99,No,No,,NA,IC+TSI-18-M,1,IC+TSI,1,,Middle
380,306,FRAM,early,2025,2025,10.5,4,2,3,No,No,,NA,IC+TSI-18-M,1,IC+TSI,1,,Middle
380,307,FRAM,early,2025,2025,18,14,4,4.04,No,No,,NA,IC+TSI-18-M,1,IC+TSI,1,,Middle
380,310,FRAM,early,2025,2025,44,50,5,9.08,No,No,,NA,IC+TSI-18-M,1,IC+TSI,1,,Middle
380,312,FRAM,early,2025,2025,26,56,2,6.42,No,No,,NA,IC+TSI-18-M,1,IC+TSI,1,,Middle
380,315,FRAM,early,2025,2025,27.5,27,7,7.9,No,No,,NA,IC+TSI-18-M,1,IC+TSI,1,,Middle
380,316,FRAM,early,2025,2025,61,48,17,8.98,No,No,,NA,IC+TSI-18-M,1,IC+TSI,1,,Middle
380,3520,RHFR,early,2025,2025,45,14,9,3.19,No,No,,NA,IC+TSI-18-M,1,IC+TSI,1,,Middle
380,4165,ACRU,early,2025,2025,,,,,No,Yes,,,IC+TSI-18-M,1,IC+TSI,1,,Middle
380,4166,ACRU,early,2025,2025,9.5,4,0,1.06,No,No,,NA,IC+TSI-18-M,1,IC+TSI,1,,Middle
380,4167,ACRU,early,2025,2025,7.5,3,0,0.8,No,No,,NA,IC+TSI-18-M,1,IC+TSI,1,,Middle
380,4257,ACRU,early,2025,2025,8.5,1,1,1.09,No,No,,NA,IC+TSI-18-M,1,IC+TSI,1,,Middle
381,318,FRAM,early,2025,2025,39,30,9,7.26,No,No,,NA,IC+TSI-18-M,1,IC+TSI,1,,Middle
381,321,FRAM,early,2025,2025,17,35,4,5.47,No,No,,NA,IC+TSI-18-M,1,IC+TSI,1,,Middle
381,795,RHFR,early,2025,2025,,,,,No,Yes,,,IC+TSI-18-M,1,IC+TSI,1,,Middle
996,431,FRAM,early,2025,2025,25,14,3,4.85,No,No,,NA,IC+TSI-18-M,1,IC+TSI,1,,Middle
996,433,FRAM,early,2025,2025,21,16,16,4.77,No,No,,NA,IC+TSI-18-M,1,IC+TSI,1,,Middle
996,434,LITU,early,2025,2025,54,18,9,7.5,No,No,,NA,IC+TSI-18-M,1,IC+TSI,1,,Middle
996,438,FRAM,early,2025,2025,10,18,6,2.45,No,No,leader dead,NA,IC+TSI-18-M,1,IC+TSI,1,,Middle
996,441,FRAM,early,2025,2025,,,,,No,Yes,,,IC+TSI-18-M,1,IC+TSI,1,,Middle
996,442,FRAM,early,2025,2025,33,11,1,4.94,No,No,,NA,IC+TSI-18-M,1,IC+TSI,1,,Middle
996,444,FRAM,early,2025,2025,22,30,22,5.3,No,No,,NA,IC+TSI-18-M,1,IC+TSI,1,,Middle
996,605,FRAM,early,2025,2025,120,173,26,7.48,No,No,,NA,IC+TSI-18-M,1,IC+TSI,1,,Middle
996,611,FRAM,early,2025,2025,101,73,10,12.23,No,No,,NA,IC+TSI-18-M,1,IC+TSI,1,,Middle
996,1788,FRAM,early,2025,2025,48,27,14,11.33,No,No,,NA,IC+TSI-18-M,1,IC+TSI,1,,Middle
996,1789,FRAM,early,2025,2025,27,28,24,5.14,No,No,,NA,IC+TSI-18-M,1,IC+TSI,1,,Middle
996,1790,FRAM,early,2025,2025,52,26,5,4.18,No,No,,NA,IC+TSI-18-M,1,IC+TSI,1,,Middle
996,1791,FRAM,early,2025,2025,71.5,56,45,10.44,No,No,,NA,IC+TSI-18-M,1,IC+TSI,1,,Middle
996,1792,FRAM,early,2025,2025,53,41,40,7.63,No,No,,NA,IC+TSI-18-M,1,IC+TSI,1,,Middle
996,1793,FRAM,early,2025,2025,9,2,1,4.94,No,No,,NA,IC+TSI-18-M,1,IC+TSI,1,,Middle
996,1794,FRAM,early,2025,2025,21,3,0,2.12,No,No,,NA,IC+TSI-18-M,1,IC+TSI,1,,Middle
996,1795,FRAM,early,2025,2025,33,52,52,6.81,No,No,,NA,IC+TSI-18-M,1,IC+TSI,1,,Middle
996,1796,FRAM,early,2025,2025,42.5,26,26,8.18,No,No,,NA,IC+TSI-18-M,1,IC+TSI,1,,Middle
996,1797,FRAM,early,2025,2025,50.5,48,47,6.11,No,No,,NA,IC+TSI-18-M,1,IC+TSI,1,,Middle
996,1798,FRAM,early,2025,2025,,,,,No,Yes,,,IC+TSI-18-M,1,IC+TSI,1,,Middle
996,1799,FRAM,early,2025,2025,77,41,7,10.59,No,No,,NA,IC+TSI-18-M,1,IC+TSI,1,,Middle
996,2375,RHFR,early,2025,2025,,,,,No,Yes,,,IC+TSI-18-M,1,IC+TSI,1,,Middle
996,2649,PRSE,early,2025,2025,13,6,2,1.63,No,No,,NA,IC+TSI-18-M,1,IC+TSI,1,,Middle
996,3386,FRAM,early,2025,2025,124,10,10,2.08,No,No,,NA,IC+TSI-18-M,1,IC+TSI,1,,Middle
996,3601,ACRU,early,2025,2025,,,,,No,Yes,,,IC+TSI-18-M,1,IC+TSI,1,,Middle
188,762,MASP,early,2025,2025,,,,,Yes,No,,,IC+TSI-18-N,0,IC+TSI,,1,North
190,3895,LITU,early,2025,2025,,,,,Yes,No,,,IC+TSI-18-N,0,IC+TSI,,1,North
256,1097,QURU,early,2025,2025,,,,,Yes,No,,,IC+TSI-18-N,0,IC+TSI,,1,North
256,2640,QURU,early,2025,2025,,,,,Yes,No,,,IC+TSI-18-N,0,IC+TSI,,1,North
188,750,FRAM,early,2025,2025,28,30,10,7.84,No,No,,NA,IC+TSI-18-N,1,IC+TSI,1,,North
188,758,FRAM,early,2025,2025,22,21,3,4.86,No,No,,NA,IC+TSI-18-N,1,IC+TSI,1,,North
188,763,FRAM,early,2025,2025,13,9,7,5.19,No,No,,NA,IC+TSI-18-N,1,IC+TSI,1,,North
188,764,FRAM,early,2025,2025,128,155,51,17.19,No,No,,NA,IC+TSI-18-N,1,IC+TSI,1,,North
188,1849,LITU,early,2025,2025,,,,,No,Yes,,,IC+TSI-18-N,1,IC+TSI,1,,North
188,1960,FRAM,early,2025,2025,21,20,9,5.99,No,No,,NA,IC+TSI-18-N,1,IC+TSI,1,,North
188,1961,QUAL,early,2025,2025,,,,,No,Yes,,,IC+TSI-18-N,1,IC+TSI,1,,North
188,2363,LITU,early,2025,2025,,,,,No,Yes,,,IC+TSI-18-N,1,IC+TSI,1,,North
188,3945,QURU,early,2025,2025,11,4,3,3.2,No,No,,NA,IC+TSI-18-N,1,IC+TSI,1,,North
188,3947,QURU,early,2025,2025,7,2,0,1.14,No,No,,NA,IC+TSI-18-N,1,IC+TSI,1,,North
190,497,FRAM,early,2025,2025,,,,,No,Yes,,,IC+TSI-18-N,1,IC+TSI,1,,North
190,499,PRSE,early,2025,2025,42,56,10,6.51,No,No,,NA,IC+TSI-18-N,1,IC+TSI,1,,North
190,500,FRAM,early,2025,2025,,,,,No,Yes,,,IC+TSI-18-N,1,IC+TSI,1,,North
190,632,FRAM,early,2025,2025,10,11,4,6.92,No,No,,NA,IC+TSI-18-N,1,IC+TSI,1,,North
190,639,CACO,early,2025,2025,105,85,19,11.9,No,No,,NA,IC+TSI-18-N,1,IC+TSI,1,,North
190,2693,ACRU,early,2025,2025,,,,,No,Yes,,,IC+TSI-18-N,1,IC+TSI,1,,North
190,2694,ACRU,early,2025,2025,,,,,No,Yes,,,IC+TSI-18-N,1,IC+TSI,1,,North
191,603,CACO,early,2025,2025,23,28,11,9.63,No,No,,NA,IC+TSI-18-N,1,IC+TSI,1,,North
191,2364,LITU,early,2025,2025,,,,,No,Yes,,,IC+TSI-18-N,1,IC+TSI,1,,North
196,601,FRAM,early,2025,2025,89,112,13,10.3,No,No,,NA,IC+TSI-18-N,1,IC+TSI,1,,North
196,609,FRAM,early,2025,2025,131,193,20,11.24,No,No,,NA,IC+TSI-18-N,1,IC+TSI,1,,North
196,1977,FRAM,early,2025,2025,128,242,28,15.57,No,No,,NA,IC+TSI-18-N,1,IC+TSI,1,,North
196,3926,QURU,early,2025,2025,5.5,3,1,1.08,No,No,,NA,IC+TSI-18-N,1,IC+TSI,1,,North
256,780,QUAL,early,2025,2025,,,,,No,Yes,,,IC+TSI-18-N,1,IC+TSI,1,,North
256,1732,PAQU,early,2025,2025,192,90,24,1.72,No,No,,NA,IC+TSI-18-N,1,IC+TSI,1,,North
256,2315,QURU,early,2025,2025,,,,,No,Yes,,,IC+TSI-18-N,1,IC+TSI,1,,North
256,2366,LITU,early,2025,2025,42,14,7,9.6,No,No,,NA,IC+TSI-18-N,1,IC+TSI,1,,North
396,490,ACSA,early,2025,2025,22,8,6,7.84,No,No,,NA,IC+TSI-18-N,1,IC+TSI,1,,North
396,491,ACSA,early,2025,2025,18.5,4,4,5.1,No,No,,NA,IC+TSI-18-N,1,IC+TSI,1,,North
396,492,ACSA,early,2025,2025,46,15,11,6.96,No,No,,NA,IC+TSI-18-N,1,IC+TSI,1,,North
396,493,ACSA,early,2025,2025,24,10,7,5.08,No,No,,NA,IC+TSI-18-N,1,IC+TSI,1,,North
396,496,FRAM,early,2025,2025,40,70,11,5,No,No,,NA,IC+TSI-18-N,1,IC+TSI,1,,North
396,634,PRSE,early,2025,2025,45,53,22,7.56,No,No,,NA,IC+TSI-18-N,1,IC+TSI,1,,North
396,3707,ACRU,early,2025,2025,,,,,No,Yes,,,IC+TSI-18-N,1,IC+TSI,1,,North
396,3766,LITU,early,2025,2025,,,,,No,Yes,,,IC+TSI-18-N,1,IC+TSI,1,,North
396,3909,QURU,early,2025,2025,14,4,4,3.03,No,No,,NA,IC+TSI-18-N,1,IC+TSI,1,,North
5,1856,LITU,early,2025,2025,,,,,Yes,No,,,IC+TSI-18-S,0,IC+TSI,,1,South
7,652,FRAM,early,2025,2025,,,,,Yes,No,,,IC+TSI-18-S,0,IC+TSI,,1,South
7,2676,LITU,early,2025,2025,,,,,Yes,No,,,IC+TSI-18-S,0,IC+TSI,,1,South
139,3716,LITU,early,2025,2025,,,,,Yes,No,,,IC+TSI-18-S,0,IC+TSI,,1,South
5,689,FRAM,early,2025,2025,70,114,10,14.66,No,No,,NA,IC+TSI-18-S,1,IC+TSI,1,,South
5,1616,FRAM,early,2025,2025,32,29,7,5.51,No,No,,NA,IC+TSI-18-S,1,IC+TSI,1,,South
5,1617,FRAM,early,2025,2025,14.5,4,0,2.66,No,No,,NA,IC+TSI-18-S,1,IC+TSI,1,,South
5,1618,FRAM,early,2025,2025,,,,,No,Yes,,,IC+TSI-18-S,1,IC+TSI,1,,South
5,1619,FRAM,early,2025,2025,40.5,32,10,7.04,No,No,,NA,IC+TSI-18-S,1,IC+TSI,1,,South
5,1620,FRAM,early,2025,2025,45.5,27,17,10.6,No,No,,NA,IC+TSI-18-S,1,IC+TSI,1,,South
5,1621,FRAM,early,2025,2025,15,23,7,4.31,No,No,,NA,IC+TSI-18-S,1,IC+TSI,1,,South
5,1623,FRAM,early,2025,2025,30,43,10,6.71,No,No,,NA,IC+TSI-18-S,1,IC+TSI,1,,South
5,1625,FRAM,early,2025,2025,22.5,28,10,5.1,No,No,,NA,IC+TSI-18-S,1,IC+TSI,1,,South
5,1626,FRAM,early,2025,2025,40,59,0,11.2,No,No,,NA,IC+TSI-18-S,1,IC+TSI,1,,South
5,1627,FRAM,early,2025,2025,29,29,12,7.69,No,No,,NA,IC+TSI-18-S,1,IC+TSI,1,,South
5,1628,FRAM,early,2025,2025,39.5,58,5,7.68,No,No,,NA,IC+TSI-18-S,1,IC+TSI,1,,South
5,1631,PRSE,early,2025,2025,28.5,31,7,5.13,No,No,,NA,IC+TSI-18-S,1,IC+TSI,1,,South
5,1632,FRAM,early,2025,2025,32.5,28,2,6.62,No,No,,NA,IC+TSI-18-S,1,IC+TSI,1,,South
5,1633,FRAM,early,2025,2025,45.5,63,6,10.14,No,No,,NA,IC+TSI-18-S,1,IC+TSI,1,,South
5,1870,FRAM,early,2025,2025,47,37,12,7.77,No,No,,NA,IC+TSI-18-S,1,IC+TSI,1,,South
5,2630,PRSE,early,2025,2025,21.5,12,3,3.81,No,No,,NA,IC+TSI-18-S,1,IC+TSI,1,,South
5,2669,ACRU,early,2025,2025,12,4,3,3.29,No,No,,NA,IC+TSI-18-S,1,IC+TSI,1,,South
5,3594,FRAM,early,2025,2025,14.5,6,2,3.75,No,No,,NA,IC+TSI-18-S,1,IC+TSI,1,,South
7,448,FRAM,early,2025,2025,20.5,13,4,4.2,No,No,,NA,IC+TSI-18-S,1,IC+TSI,1,,South
7,449,FRAM,early,2025,2025,28.5,18,12,7.22,No,No,,NA,IC+TSI-18-S,1,IC+TSI,1,,South
7,452,FRAM,early,2025,2025,21,12,0,3.9,No,No,,NA,IC+TSI-18-S,1,IC+TSI,1,,South
7,453,FRAM,early,2025,2025,12.5,2,2,2.06,No,No,,NA,IC+TSI-18-S,1,IC+TSI,1,,South
7,647,FRAM,early,2025,2025,11,23,4,7.32,No,No,,NA,IC+TSI-18-S,1,IC+TSI,1,,South
7,648,FRAM,early,2025,2025,20.5,16,2,5.84,No,No,,NA,IC+TSI-18-S,1,IC+TSI,1,,South
7,649,FRAM,early,2025,2025,33,19,1,6.85,No,No,,NA,IC+TSI-18-S,1,IC+TSI,1,,South
7,650,PRSE,early,2025,2025,52,55,30,8.66,No,No,,NA,IC+TSI-18-S,1,IC+TSI,1,,South
7,651,FRAM,early,2025,2025,25,21,11,7.85,No,No,,NA,IC+TSI-18-S,1,IC+TSI,1,,South
7,653,FRAM,early,2025,2025,19.5,20,3,5.97,No,No,,NA,IC+TSI-18-S,1,IC+TSI,1,,South
7,655,FRAM,early,2025,2025,11,2,0,2.45,No,No,,NA,IC+TSI-18-S,1,IC+TSI,1,,South
7,656,FRAM,early,2025,2025,36,27,1,10.38,No,No,,NA,IC+TSI-18-S,1,IC+TSI,1,,South
7,657,FRAM,early,2025,2025,30,20,1,9.25,No,No,,NA,IC+TSI-18-S,1,IC+TSI,1,,South
7,658,FRAM,early,2025,2025,18.5,24,3,5.16,No,No,,NA,IC+TSI-18-S,1,IC+TSI,1,,South
7,659,FRAM,early,2025,2025,20,17,1,3.89,No,No,,NA,IC+TSI-18-S,1,IC+TSI,1,,South
7,660,FRAM,early,2025,2025,21,15,2,6.98,No,No,,NA,IC+TSI-18-S,1,IC+TSI,1,,South
7,662,FRAM,early,2025,2025,18,20,0,3.14,No,No,,NA,IC+TSI-18-S,1,IC+TSI,1,,South
7,663,FRAM,early,2025,2025,14.5,5,1,2.7,No,No,,NA,IC+TSI-18-S,1,IC+TSI,1,,South
7,1846,LITU,early,2025,2025,,,,,No,Yes,,,IC+TSI-18-S,1,IC+TSI,1,,South
7,2670,RHFR,early,2025,2025,,,,,No,Yes,,,IC+TSI-18-S,1,IC+TSI,1,,South
7,2673,LITU,early,2025,2025,,,,,No,Yes,,,IC+TSI-18-S,1,IC+TSI,1,,South
7,2675,VIRI,early,2025,2025,8,3,0,1.38,No,No,,NA,IC+TSI-18-S,1,IC+TSI,1,,South
7,4011,CACO,early,2025,2025,9.5,9,0,3.51,No,No,,NA,IC+TSI-18-S,1,IC+TSI,1,,South
7,4124,VIDE,early,2025,2025,,,,,No,Yes,,,IC+TSI-18-S,1,IC+TSI,1,,South
11,145,FRAM,early,2025,2025,28.5,34,0,5.4,No,No,,NA,IC+TSI-18-S,1,IC+TSI,1,,South
11,146,FRAM,early,2025,2025,42,50,2,7.24,No,No,,NA,IC+TSI-18-S,1,IC+TSI,1,,South
11,147,FRAM,early,2025,2025,12.5,20,1,4.12,No,No,,NA,IC+TSI-18-S,1,IC+TSI,1,,South
11,148,FRAM,early,2025,2025,12.5,10,2,4.48,No,No,,NA,IC+TSI-18-S,1,IC+TSI,1,,South
11,149,FRAM,early,2025,2025,45.5,62,3,7.66,No,No,,NA,IC+TSI-18-S,1,IC+TSI,1,,South
11,529,FRAM,early,2025,2025,52,48,2,8.86,No,No,,NA,IC+TSI-18-S,1,IC+TSI,1,,South
11,530,FRAM,early,2025,2025,26.5,38,5,4.36,No,No,,NA,IC+TSI-18-S,1,IC+TSI,1,,South
11,3600,LITU,early,2025,2025,,,,,No,Yes,,,IC+TSI-18-S,1,IC+TSI,1,,South
78,108,FRAM,early,2025,2025,14.5,14,0,3.56,No,No,,NA,IC+TSI-18-S,1,IC+TSI,1,,South
78,109,FRAM,early,2025,2025,29,21,1,6.51,No,No,,NA,IC+TSI-18-S,1,IC+TSI,1,,South
78,110,RHFR,early,2025,2025,,,,,No,Yes,,,IC+TSI-18-S,1,IC+TSI,1,,South
78,111,FRAM,early,2025,2025,13.5,13,0,2.5,No,No,,NA,IC+TSI-18-S,1,IC+TSI,1,,South
78,113,FRAM,early,2025,2025,16.5,7,2,3.5,No,No,,NA,IC+TSI-18-S,1,IC+TSI,1,,South
78,114,PRSE,early,2025,2025,24,11,10,2.54,No,No,,NA,IC+TSI-18-S,1,IC+TSI,1,,South
78,117,FRAM,early,2025,2025,,,,,No,Yes,,,IC+TSI-18-S,1,IC+TSI,1,,South
78,119,FRAM,early,2025,2025,14,5,0,3.6,No,No,,NA,IC+TSI-18-S,1,IC+TSI,1,,South
78,120,FRAM,early,2025,2025,13.5,2,0,3.15,No,No,,NA,IC+TSI-18-S,1,IC+TSI,1,,South
78,121,FRAM,early,2025,2025,14,16,1,4.16,No,No,,NA,IC+TSI-18-S,1,IC+TSI,1,,South
78,123,PRSE,early,2025,2025,82,61,17,7.28,No,No,,NA,IC+TSI-18-S,1,IC+TSI,1,,South
78,124,FRAM,early,2025,2025,23,26,5,6.58,No,No,,NA,IC+TSI-18-S,1,IC+TSI,1,,South
78,127,FRAM,early,2025,2025,23.5,12,1,5.75,No,No,,NA,IC+TSI-18-S,1,IC+TSI,1,,South
78,133,RHFR,early,2025,2025,,,,,No,Yes,,,IC+TSI-18-S,1,IC+TSI,1,,South
78,134,FRAM,early,2025,2025,23.5,12,0,3.93,No,No,,NA,IC+TSI-18-S,1,IC+TSI,1,,South
78,135,FRAM,early,2025,2025,23,5,1,5,No,No,,NA,IC+TSI-18-S,1,IC+TSI,1,,South
78,138,FRAM,early,2025,2025,25,9,1,4.39,No,No,,NA,IC+TSI-18-S,1,IC+TSI,1,,South
78,139,ACSP,early,2025,2025,,,,,No,Yes,,,IC+TSI-18-S,1,IC+TSI,1,,South
78,515,FRAM,early,2025,2025,10,6,6,7.13,No,No,,NA,IC+TSI-18-S,1,IC+TSI,1,,South
78,518,FRAM,early,2025,2025,30,26,3,6.73,No,No,,NA,IC+TSI-18-S,1,IC+TSI,1,,South
78,519,FRAM,early,2025,2025,38,25,25,5.56,No,No,,NA,IC+TSI-18-S,1,IC+TSI,1,,South
78,520,LITU,early,2025,2025,50,9,8,8.34,No,No,,NA,IC+TSI-18-S,1,IC+TSI,1,,South
78,521,FRAM,early,2025,2025,22,10,0,6.42,No,No,,NA,IC+TSI-18-S,1,IC+TSI,1,,South
78,522,FRAM,early,2025,2025,33,18,0,7.98,No,No,,NA,IC+TSI-18-S,1,IC+TSI,1,,South
78,523,FRAM,early,2025,2025,38,28,0,9.69,No,No,,NA,IC+TSI-18-S,1,IC+TSI,1,,South
78,524,FRAM,early,2025,2025,25,8,1,6.62,No,No,,NA,IC+TSI-18-S,1,IC+TSI,1,,South
78,525,FRAM,early,2025,2025,49,26,0,8.58,No,No,,NA,IC+TSI-18-S,1,IC+TSI,1,,South
78,526,PRSE,early,2025,2025,29,30,8,4.02,No,No,,NA,IC+TSI-18-S,1,IC+TSI,1,,South
78,784,PRSE,early,2025,2025,46,49,15,6.66,No,No,,NA,IC+TSI-18-S,1,IC+TSI,1,,South
78,1869,RHFR,early,2025,2025,,,,,No,Yes,,,IC+TSI-18-S,1,IC+TSI,1,,South
78,2327,RHFR,early,2025,2025,,,,,No,Yes,,,IC+TSI-18-S,1,IC+TSI,1,,South
78,3591,ACRU,early,2025,2025,,,,,No,Yes,,,IC+TSI-18-S,1,IC+TSI,1,,South
78,3598,ACRU,early,2025,2025,6,2,0,1.09,No,No,,NA,IC+TSI-18-S,1,IC+TSI,1,,South
78,3802,ACRU,early,2025,2025,5,2,1,0.61,No,No,,NA,IC+TSI-18-S,1,IC+TSI,1,,South
78,3803,ACRU,early,2025,2025,6.5,1,0,0.85,No,No,,NA,IC+TSI-18-S,1,IC+TSI,1,,South
78,4003,SAAL,early,2025,2025,6,6,6,0.79,No,No,,NA,IC+TSI-18-S,1,IC+TSI,1,,South
78,4005,ACRU,early,2025,2025,7,4,0,0.56,No,No,,NA,IC+TSI-18-S,1,IC+TSI,1,,South
78,4006,ACRU,early,2025,2025,5,4,0,0.44,No,No,,NA,IC+TSI-18-S,1,IC+TSI,1,,South
78,4008,QURU,early,2025,2025,7,5,0,0.35,No,No,,NA,IC+TSI-18-S,1,IC+TSI,1,,South
78,4192,ACRU,early,2025,2025,5.5,2,2,0.92,No,No,,NA,IC+TSI-18-S,1,IC+TSI,1,,South
78,4193,ACRU,early,2025,2025,6,4,0,1.33,No,No,,NA,IC+TSI-18-S,1,IC+TSI,1,,South
78,4203,ACRU,early,2025,2025,,,,,No,Yes,,,IC+TSI-18-S,1,IC+TSI,1,,South
78,4291,ACRU,early,2025,2025,8,2,0,0.92,No,No,,NA,IC+TSI-18-S,1,IC+TSI,1,,South
78,4293,ACRU,early,2025,2025,6.5,4,0,1.31,No,No,,NA,IC+TSI-18-S,1,IC+TSI,1,,South
139,595,FRAM,early,2025,2025,16,85,8,11.88,No,No,,NA,IC+TSI-18-S,1,IC+TSI,1,,South
139,596,FRAM,early,2025,2025,75,67,9,9.33,No,No,,NA,IC+TSI-18-S,1,IC+TSI,1,,South
139,597,FRAM,early,2025,2025,48.5,41,1,6.5,No,No,,NA,IC+TSI-18-S,1,IC+TSI,1,,South
141,17,FRAM,early,2025,2025,22.5,20,3,4.56,No,No,,NA,IC+TSI-18-S,1,IC+TSI,1,,South
141,18,FRAM,early,2025,2025,33,34,4,4.97,No,No,,NA,IC+TSI-18-S,1,IC+TSI,1,,South
141,19,PRSE,early,2025,2025,31,36,12,6.9,No,No,,NA,IC+TSI-18-S,1,IC+TSI,1,,South
141,20,FRAM,early,2025,2025,31,21,6,5.4,No,No,,NA,IC+TSI-18-S,1,IC+TSI,1,,South
141,21,FRAM,early,2025,2025,56.5,44,25,8.42,No,No,,NA,IC+TSI-18-S,1,IC+TSI,1,,South
141,22,FRAM,early,2025,2025,31,28,28,4.18,No,No,,NA,IC+TSI-18-S,1,IC+TSI,1,,South
141,2689,ACRU,early,2025,2025,,,,,No,Yes,,,IC+TSI-18-S,1,IC+TSI,1,,South
141,4009,FRAM,early,2025,2025,25.5,23,10,3.77,No,No,,NA,IC+TSI-18-S,1,IC+TSI,1,,South
178,4154,ACRU,early,2025,2025,,,,,Yes,No,,,IC+TSI-19-M,0,IC+TSI,,1,Middle
178,4266,ACRU,early,2025,2025,,,,,Yes,No,,,IC+TSI-19-M,0,IC+TSI,,1,Middle
178,4267,ACRU,early,2025,2025,,,,,Yes,No,,,IC+TSI-19-M,0,IC+TSI,,1,Middle
178,4275,ACRU,early,2025,2025,,,,,Yes,No,,,IC+TSI-19-M,0,IC+TSI,,1,Middle
178,4279,ACRU,early,2025,2025,,,,,Yes,No,,,IC+TSI-19-M,0,IC+TSI,,1,Middle
379,1715,FRAM,early,2025,2025,,,,,Yes,No,,,IC+TSI-19-M,0,IC+TSI,,1,Middle
379,1722,FRAM,early,2025,2025,,,,,Yes,No,,,IC+TSI-19-M,0,IC+TSI,,1,Middle
379,1726,FRAM,early,2025,2025,,,,,Yes,No,,,IC+TSI-19-M,0,IC+TSI,,1,Middle
379,1734,COAL,early,2025,2025,,,,,Yes,No,,,IC+TSI-19-M,0,IC+TSI,,1,Middle
379,1742,FRAM,early,2025,2025,,,,,Yes,No,,,IC+TSI-19-M,0,IC+TSI,,1,Middle
936,354,FRAM,early,2025,2025,,,,,Yes,No,,,IC+TSI-19-M,0,IC+TSI,,1,Middle
936,3581,LITU,early,2025,2025,,,,,Yes,No,,,IC+TSI-19-M,0,IC+TSI,,1,Middle
936,4159,ACRU,early,2025,2025,,,,,Yes,No,,,IC+TSI-19-M,0,IC+TSI,,1,Middle
178,343,FRAM,early,2025,2025,25,37,1,3.71,No,No,,NA,IC+TSI-19-M,1,IC+TSI,1,,Middle
178,347,FRAM,early,2025,2025,14,6,1,3.83,No,No,,NA,IC+TSI-19-M,1,IC+TSI,1,,Middle
178,580,PRSE,early,2025,2025,34,6,3,4.38,No,No,,NA,IC+TSI-19-M,1,IC+TSI,1,,Middle
178,584,PRSE,early,2025,2025,27,6,4,4.46,No,No,,NA,IC+TSI-19-M,1,IC+TSI,1,,Middle
178,2653,VIRI,early,2025,2025,9,4,1,1.07,No,No,,NA,IC+TSI-19-M,1,IC+TSI,1,,Middle
178,2653,VIRI,early,2025,2025,,,,,No,Yes,,,IC+TSI-19-M,1,IC+TSI,1,,Middle
178,3796,ACRU,early,2025,2025,,,,,No,Yes,,,IC+TSI-19-M,1,IC+TSI,1,,Middle
178,3798,ACRU,early,2025,2025,,,,,No,Yes,,,IC+TSI-19-M,1,IC+TSI,1,,Middle
178,3799,ACRU,early,2025,2025,7,2,0,1.69,No,No,,NA,IC+TSI-19-M,1,IC+TSI,1,,Middle
178,4023,LITU,early,2025,2025,3,3,2,1.36,No,No,,NA,IC+TSI-19-M,1,IC+TSI,1,,Middle
178,4024,ACRU,early,2025,2025,4,3,1,0.45,No,No,,NA,IC+TSI-19-M,1,IC+TSI,1,,Middle
178,4025,ACRU,early,2025,2025,6,3,1,0.91,No,No,,NA,IC+TSI-19-M,1,IC+TSI,1,,Middle
178,4026,ACRU,early,2025,2025,7,2,0,0.94,No,No,,NA,IC+TSI-19-M,1,IC+TSI,1,,Middle
178,4149,ACRU,early,2025,2025,6,0,0,0.72,No,No,,NA,IC+TSI-19-M,1,IC+TSI,1,,Middle
178,4151,ACRU,early,2025,2025,7,1,0,1.93,No,No,,NA,IC+TSI-19-M,1,IC+TSI,1,,Middle
178,4152,ACRU,early,2025,2025,6.5,2,0,0.81,No,No,,NA,IC+TSI-19-M,1,IC+TSI,1,,Middle
178,4153,ACRU,early,2025,2025,7,2,0,1.06,No,No,,NA,IC+TSI-19-M,1,IC+TSI,1,,Middle
178,4156,ACRU,early,2025,2025,7,2,0,1.11,No,No,,NA,IC+TSI-19-M,1,IC+TSI,1,,Middle
178,4261,ACRU,early,2025,2025,,,,,No,Yes,,,IC+TSI-19-M,1,IC+TSI,1,,Middle
178,4262,ACRU,early,2025,2025,,,,,No,Yes,,,IC+TSI-19-M,1,IC+TSI,1,,Middle
178,4271,ACRU,early,2025,2025,6,2,0,1.31,No,No,,NA,IC+TSI-19-M,1,IC+TSI,1,,Middle
178,4273,ACRU,early,2025,2025,6.5,2,0,0.9,No,No,,NA,IC+TSI-19-M,1,IC+TSI,1,,Middle
178,4274,ACRU,early,2025,2025,6,2,1,1.09,No,No,,NA,IC+TSI-19-M,1,IC+TSI,1,,Middle
178,4276,ACRU,early,2025,2025,8,3,0,1.1,No,No,,NA,IC+TSI-19-M,1,IC+TSI,1,,Middle
178,4282,ACRU,early,2025,2025,8,3,0,1.39,No,No,,NA,IC+TSI-19-M,1,IC+TSI,1,,Middle
379,1713,FRAM,early,2025,2025,,,,,No,Yes,,,IC+TSI-19-M,1,IC+TSI,1,,Middle
379,1714,FRAM,early,2025,2025,,,,,No,Yes,,,IC+TSI-19-M,1,IC+TSI,1,,Middle
379,1718,FRAM,early,2025,2025,29,29,6,4.74,No,No,,NA,IC+TSI-19-M,1,IC+TSI,1,,Middle
379,1720,FRAM,early,2025,2025,,,,,No,Yes,,,IC+TSI-19-M,1,IC+TSI,1,,Middle
379,1721,FRAM,early,2025,2025,16.5,17,2,1.81,No,No,,NA,IC+TSI-19-M,1,IC+TSI,1,,Middle
379,1723,FRAM,early,2025,2025,6,0,0,8.7,No,No,,NA,IC+TSI-19-M,1,IC+TSI,1,,Middle
379,1724,FRAM,early,2025,2025,16,10,5,4.44,No,No,,NA,IC+TSI-19-M,1,IC+TSI,1,,Middle
379,1727,COAL,early,2025,2025,27.5,11,9,4.47,No,No,,NA,IC+TSI-19-M,1,IC+TSI,1,,Middle
379,1728,COAL,early,2025,2025,41,38,24,3.81,No,No,,NA,IC+TSI-19-M,1,IC+TSI,1,,Middle
379,1737,FRAM,early,2025,2025,22,0,0,7.19,No,No,,NA,IC+TSI-19-M,1,IC+TSI,1,,Middle
379,1738,FRAM,early,2025,2025,59,68,13,8.5,No,No,,NA,IC+TSI-19-M,1,IC+TSI,1,,Middle
379,1743,FRAM,early,2025,2025,11,0,0,3.61,No,No,,NA,IC+TSI-19-M,1,IC+TSI,1,,Middle
379,1748,COAL,early,2025,2025,36.5,18,9,3.49,No,No,,NA,IC+TSI-19-M,1,IC+TSI,1,,Middle
379,1750,FRAM,early,2025,2025,11,12,1,5.72,No,No,,NA,IC+TSI-19-M,1,IC+TSI,1,,Middle
379,1752,COAL,early,2025,2025,46.5,28,5,4.36,No,No,,NA,IC+TSI-19-M,1,IC+TSI,1,,Middle
379,1754,FRAM,early,2025,2025,27,30,8,6.31,No,No,,NA,IC+TSI-19-M,1,IC+TSI,1,,Middle
379,2655,FRAM,early,2025,2025,23,19,2,4.89,No,No,,NA,IC+TSI-19-M,1,IC+TSI,1,,Middle
379,4022,RUSP,early,2025,2025,32,12,9,2.07,No,No,,NA,IC+TSI-19-M,1,IC+TSI,1,,Middle
379,4258,FRAM,early,2025,2025,9,2,1,1.85,No,No,,NA,IC+TSI-19-M,1,IC+TSI,1,,Middle
382,728,FRAM,early,2025,2025,81,55,6,6.24,No,No,,NA,IC+TSI-19-M,1,IC+TSI,1,,Middle
382,4099,ACRU,early,2025,2025,10,2,2,1.21,No,No,,NA,IC+TSI-19-M,1,IC+TSI,1,,Middle
382,4160,FRAM,early,2025,2025,11,10,2,2.56,No,No,,NA,IC+TSI-19-M,1,IC+TSI,1,,Middle
382,4161,ACRU,early,2025,2025,,,,,No,Yes,,,IC+TSI-19-M,1,IC+TSI,1,,Middle
383,725,FRAM,early,2025,2025,54,23,12,8.72,No,No,,NA,IC+TSI-19-M,1,IC+TSI,1,,Middle
383,726,FRAM,early,2025,2025,51.5,89,40,10.25,No,No,,NA,IC+TSI-19-M,1,IC+TSI,1,,Middle
383,730,MASP,early,2025,2025,55,161,27,7.06,No,No,,NA,IC+TSI-19-M,1,IC+TSI,1,,Middle
383,1525,ACSA,early,2025,2025,10,4,0,2.35,No,No,,NA,IC+TSI-19-M,1,IC+TSI,1,,Middle
931,571,FRAM,early,2025,2025,20,53,28,7.03,No,No,,NA,IC+TSI-19-M,1,IC+TSI,1,,Middle
931,3605,ROMU,early,2025,2025,,,,,No,Yes,,,IC+TSI-19-M,1,IC+TSI,1,,Middle
931,3606,LITU,early,2025,2025,,,,,No,Yes,,,IC+TSI-19-M,1,IC+TSI,1,,Middle
936,351,FRAM,early,2025,2025,18,15,5,4.54,No,No,,NA,IC+TSI-19-M,1,IC+TSI,1,,Middle
936,352,FRAM,early,2025,2025,,,,,No,Yes,,,IC+TSI-19-M,1,IC+TSI,1,,Middle
936,355,FRAM,early,2025,2025,28,25,12,6.65,No,No,,NA,IC+TSI-19-M,1,IC+TSI,1,,Middle
936,358,FRAM,early,2025,2025,16.5,9,7,4.51,No,No,,NA,IC+TSI-19-M,1,IC+TSI,1,,Middle
936,360,FRAM,early,2025,2025,21,12,5,2.85,No,No,,NA,IC+TSI-19-M,1,IC+TSI,1,,Middle
936,362,FRAM,early,2025,2025,,,,,No,Yes,,,IC+TSI-19-M,1,IC+TSI,1,,Middle
936,363,FRAM,early,2025,2025,17,5,1,4.36,No,No,,NA,IC+TSI-19-M,1,IC+TSI,1,,Middle
936,364,FRAM,early,2025,2025,19,30,7,6.62,No,No,,NA,IC+TSI-19-M,1,IC+TSI,1,,Middle
936,365,FRAM,early,2025,2025,,,,,No,Yes,,,IC+TSI-19-M,1,IC+TSI,1,,Middle
936,587,VIDE,early,2025,2025,22,17,6,4.68,No,No,,NA,IC+TSI-19-M,1,IC+TSI,1,,Middle
936,787,FRAM,early,2025,2025,28.5,4,4,3.65,No,No,,NA,IC+TSI-19-M,1,IC+TSI,1,,Middle
936,790,FRAM,early,2025,2025,,,,,No,Yes,,,IC+TSI-19-M,1,IC+TSI,1,,Middle
936,3702,ACRU,early,2025,2025,,,,,No,Yes,,,IC+TSI-19-M,1,IC+TSI,1,,Middle
936,3784,LITU,early,2025,2025,,,,,No,Yes,,,IC+TSI-19-M,1,IC+TSI,1,,Middle
936,4162,ACRU,early,2025,2025,7,2,1,1.02,No,No,,NA,IC+TSI-19-M,1,IC+TSI,1,,Middle
254,2679,LITU,early,2025,2025,,,,,Yes,No,,,IC+TSI-19-N,0,IC+TSI,,1,North
254,3613,ACRU,early,2025,2025,,,,,Yes,No,,,IC+TSI-19-N,0,IC+TSI,,1,North
254,3616,ACRU,early,2025,2025,,,,,Yes,No,,,IC+TSI-19-N,0,IC+TSI,,1,North
254,3623,ACRU,early,2025,2025,,,,,Yes,No,,,IC+TSI-19-N,0,IC+TSI,,1,North
254,3624,ACRU,early,2025,2025,,,,,Yes,No,,,IC+TSI-19-N,0,IC+TSI,,1,North
254,3625,ACRU,early,2025,2025,,,,,Yes,No,,,IC+TSI-19-N,0,IC+TSI,,1,North
254,3626,ACRU,early,2025,2025,,,,,Yes,No,,,IC+TSI-19-N,0,IC+TSI,,1,North
254,3754,LITU,early,2025,2025,,,,,Yes,No,,,IC+TSI-19-N,0,IC+TSI,,1,North
254,3757,VIRI,early,2025,2025,,,,,Yes,No,,,IC+TSI-19-N,0,IC+TSI,,1,North
254,3761,ACRU,early,2025,2025,,,,,Yes,No,,,IC+TSI-19-N,0,IC+TSI,,1,North
254,3762,ACRU,early,2025,2025,,,,,Yes,No,,,IC+TSI-19-N,0,IC+TSI,,1,North
254,4176,UNK ID,early,2025,2025,,,,,Yes,No,,,IC+TSI-19-N,0,IC+TSI,,1,North
254,4215,ACRU,early,2025,2025,,,,,Yes,No,,,IC+TSI-19-N,0,IC+TSI,,1,North
254,4218,ACRU,early,2025,2025,,,,,Yes,No,,,IC+TSI-19-N,0,IC+TSI,,1,North
254,4250,ACRU,early,2025,2025,,,,,Yes,No,,,IC+TSI-19-N,0,IC+TSI,,1,North
258,4116,ACRU,early,2025,2025,,,,,Yes,No,,,IC+TSI-19-N,0,IC+TSI,,1,North
258,4118,ACRU,early,2025,2025,,,,,Yes,No,,,IC+TSI-19-N,0,IC+TSI,,1,North
372,2362,LITU,early,2025,2025,,,,,Yes,No,,,IC+TSI-19-N,0,IC+TSI,,1,North
372,2643,LITU,early,2025,2025,,,,,Yes,No,,,IC+TSI-19-N,0,IC+TSI,,1,North
372,3710,ACRU,early,2025,2025,,,,,Yes,No,,,IC+TSI-19-N,0,IC+TSI,,1,North
372,4225,ACRU,early,2025,2025,,,,,Yes,No,,,IC+TSI-19-N,0,IC+TSI,,1,North
373,2685,PIST,early,2025,2025,,,,,Yes,No,,,IC+TSI-19-N,0,IC+TSI,,1,North
398,4110,ACRU,early,2025,2025,,,,,Yes,No,,,IC+TSI-19-N,0,IC+TSI,,1,North
398,4114,ACRU,early,2025,2025,,,,,Yes,No,,,IC+TSI-19-N,0,IC+TSI,,1,North
398,4115,ACRU,early,2025,2025,,,,,Yes,No,,,IC+TSI-19-N,0,IC+TSI,,1,North
189,1897,FRAM,early,2025,2025,51.5,46,10,10.02,No,No,,NA,IC+TSI-19-N,1,IC+TSI,1,,North
189,2317,LITU,early,2025,2025,,,,,No,Yes,,,IC+TSI-19-N,1,IC+TSI,1,,North
189,2319,LITU,early,2025,2025,,,,,No,Yes,,,IC+TSI-19-N,1,IC+TSI,1,,North
189,2322,LITU,early,2025,2025,,,,,No,Yes,,,IC+TSI-19-N,1,IC+TSI,1,,North
189,2356,SAAL,early,2025,2025,,,,,No,Yes,,,IC+TSI-19-N,1,IC+TSI,1,,North
189,2360,LITU,early,2025,2025,,,,,No,Yes,,,IC+TSI-19-N,1,IC+TSI,1,,North
189,3522,SAAL,early,2025,2025,7.5,7,3,2.16,No,No,,NA,IC+TSI-19-N,1,IC+TSI,1,,North
189,3525,LITU,early,2025,2025,,,,,No,Yes,,,IC+TSI-19-N,1,IC+TSI,1,,North
189,3839,ACRU,early,2025,2025,5,4,0,0.97,No,No,,NA,IC+TSI-19-N,1,IC+TSI,1,,North
189,3840,LITU,early,2025,2025,5,4,1,0.86,No,No,,NA,IC+TSI-19-N,1,IC+TSI,1,,North
189,4226,ACRU,early,2025,2025,8,4,2,1.19,No,No,,NA,IC+TSI-19-N,1,IC+TSI,1,,North
189,4227,ACRU,early,2025,2025,9,3,2,1.78,No,No,,NA,IC+TSI-19-N,1,IC+TSI,1,,North
189,4229,ACRU,early,2025,2025,6.5,2,1,1.09,No,No,,NA,IC+TSI-19-N,1,IC+TSI,1,,North
199,680,FRAM,early,2025,2025,56,16,8,6.41,No,No,,NA,IC+TSI-19-N,1,IC+TSI,1,,North
199,681,FRAM,early,2025,2025,66,132,39,14.89,No,No,,NA,IC+TSI-19-N,1,IC+TSI,1,,North
199,2000,FRAM,early,2025,2025,30.5,15,5,3.62,No,No,,NA,IC+TSI-19-N,1,IC+TSI,1,,North
254,231,FRAM,early,2025,2025,25.5,17,15,8.17,No,No,,NA,IC+TSI-19-N,1,IC+TSI,1,,North
254,233,FRAM,early,2025,2025,27,27,7,3.74,No,No,,NA,IC+TSI-19-N,1,IC+TSI,1,,North
254,240,PRSE,early,2025,2025,16.5,1,1,2.37,No,No,,NA,IC+TSI-19-N,1,IC+TSI,1,,North
254,241,ACRU,early,2025,2025,,,,,No,Yes,,,IC+TSI-19-N,1,IC+TSI,1,,North
254,242,ACRU,early,2025,2025,,,,,No,Yes,,,IC+TSI-19-N,1,IC+TSI,1,,North
254,548,FRAM,early,2025,2025,17,28,0,4.68,No,No,,NA,IC+TSI-19-N,1,IC+TSI,1,,North
254,778,FRAM,early,2025,2025,27,57,5,8.54,No,No,,NA,IC+TSI-19-N,1,IC+TSI,1,,North
254,1875,ACSA,early,2025,2025,19,8,2,4.84,No,No,,NA,IC+TSI-19-N,1,IC+TSI,1,,North
254,2298,LITU,early,2025,2025,,,,,No,Yes,,,IC+TSI-19-N,1,IC+TSI,1,,North
254,3621,ACRU,early,2025,2025,,,,,No,Yes,,,IC+TSI-19-N,1,IC+TSI,1,,North
254,3622,ACRU,early,2025,2025,7,3,0,1.3,No,No,,NA,IC+TSI-19-N,1,IC+TSI,1,,North
254,3627,LITU,early,2025,2025,,,,,No,Yes,,,IC+TSI-19-N,1,IC+TSI,1,,North
254,3682,LITU,early,2025,2025,4.5,3,1,2.04,No,No,,NA,IC+TSI-19-N,1,IC+TSI,1,,North
254,3683,LITU,early,2025,2025,7,4,2,2.65,No,No,,NA,IC+TSI-19-N,1,IC+TSI,1,,North
254,3687,LITU,early,2025,2025,7.5,3,3,0.96,No,No,,NA,IC+TSI-19-N,1,IC+TSI,1,,North
254,3688,LITU,early,2025,2025,,,,,No,Yes,,,IC+TSI-19-N,1,IC+TSI,1,,North
254,3689,LITU,early,2025,2025,,,,,No,Yes,,,IC+TSI-19-N,1,IC+TSI,1,,North
254,3753,LITU,early,2025,2025,7,4,0,1.57,No,No,,NA,IC+TSI-19-N,1,IC+TSI,1,,North
254,3755,ACRU,early,2025,2025,,,,,No,Yes,,,IC+TSI-19-N,1,IC+TSI,1,,North
254,3756,ACRU,early,2025,2025,9,1,0,1,No,No,,NA,IC+TSI-19-N,1,IC+TSI,1,,North
254,3758,VIRI,early,2025,2025,5,1,0,0.73,No,No,,NA,IC+TSI-19-N,1,IC+TSI,1,,North
254,3805,PRSE,early,2025,2025,8,6,2,1.9,No,No,,NA,IC+TSI-19-N,1,IC+TSI,1,,North
254,3855,RHFR,early,2025,2025,7,7,2,0.66,No,No,,NA,IC+TSI-19-N,1,IC+TSI,1,,North
254,3856,ACRU,early,2025,2025,5.5,2,2,0.6,No,No,,NA,IC+TSI-19-N,1,IC+TSI,1,,North
254,3904,ACRU,early,2025,2025,6,2,2,1.08,No,No,,NA,IC+TSI-19-N,1,IC+TSI,1,,North
254,3908,ACRU,early,2025,2025,7.5,1,0,0.69,No,No,,NA,IC+TSI-19-N,1,IC+TSI,1,,North
254,3925,ACRU,early,2025,2025,8.5,2,0,1.05,No,No,,NA,IC+TSI-19-N,1,IC+TSI,1,,North
254,4173,FRAM,early,2025,2025,7.5,4,1,1.23,No,No,,NA,IC+TSI-19-N,1,IC+TSI,1,,North
254,4174,ACRU,early,2025,2025,4.5,1,1,0.44,No,No,,NA,IC+TSI-19-N,1,IC+TSI,1,,North
254,4175,ACRU,early,2025,2025,,,,,No,Yes,,,IC+TSI-19-N,1,IC+TSI,1,,North
254,4177,ACRU,early,2025,2025,6,2,0,0.91,No,No,,NA,IC+TSI-19-N,1,IC+TSI,1,,North
254,4214,ACRU,early,2025,2025,8,2,0,1.4,No,No,,NA,IC+TSI-19-N,1,IC+TSI,1,,North
254,4216,ACRU,early,2025,2025,,,,,No,Yes,,,IC+TSI-19-N,1,IC+TSI,1,,North
254,4217,ACRU,early,2025,2025,12,0,0,0.56,No,No,,NA,IC+TSI-19-N,1,IC+TSI,1,,North
254,4219,ACRU,early,2025,2025,6,2,1,1.46,No,No,,NA,IC+TSI-19-N,1,IC+TSI,1,,North
254,4220,ACRU,early,2025,2025,,,,,No,Yes,,,IC+TSI-19-N,1,IC+TSI,1,,North
254,4249,ACRU,early,2025,2025,,,,,No,Yes,,,IC+TSI-19-N,1,IC+TSI,1,,North
255,226,ACRU,early,2025,2025,,,,,No,Yes,,,IC+TSI-19-N,1,IC+TSI,1,,North
255,1002,CACO,early,2025,2025,61.5,79,14,10.3,No,No,,NA,IC+TSI-19-N,1,IC+TSI,1,,North
255,1004,FRAM,early,2025,2025,20,,,10.55,No,No,,NA,IC+TSI-19-N,1,IC+TSI,1,,North
255,1804,QURU,early,2025,2025,,,,,No,Yes,,,IC+TSI-19-N,1,IC+TSI,1,,North
255,1877,ACRU,early,2025,2025,,,,,No,Yes,,,IC+TSI-19-N,1,IC+TSI,1,,North
255,2646,LITU,early,2025,2025,,,,,No,Yes,,,IC+TSI-19-N,1,IC+TSI,1,,North
255,3604,ACRU,early,2025,2025,,,,,No,Yes,,,IC+TSI-19-N,1,IC+TSI,1,,North
258,2379,LITU,early,2025,2025,,,,,No,Yes,,,IC+TSI-19-N,1,IC+TSI,1,,North
258,2702,PRSE,early,2025,2025,15,7,0,3.78,No,No,,NA,IC+TSI-19-N,1,IC+TSI,1,,North
258,3713,ACRU,early,2025,2025,,,,,No,Yes,,,IC+TSI-19-N,1,IC+TSI,1,,North
258,3838,ACRU,early,2025,2025,9,2,0,0.77,No,No,,NA,IC+TSI-19-N,1,IC+TSI,1,,North
258,3841,LITU,early,2025,2025,5,4,0,0.81,No,No,,NA,IC+TSI-19-N,1,IC+TSI,1,,North
258,3842,QURU,early,2025,2025,8.5,3,3,3.47,No,No,,NA,IC+TSI-19-N,1,IC+TSI,1,,North
258,3843,QURU,early,2025,2025,7.5,2,1,0.8,No,No,,NA,IC+TSI-19-N,1,IC+TSI,1,,North
258,3844,PRSE,early,2025,2025,9,3,1,0.9,No,No,,NA,IC+TSI-19-N,1,IC+TSI,1,,North
258,3845,QURU,early,2025,2025,6.5,3,3,0.84,No,No,,NA,IC+TSI-19-N,1,IC+TSI,1,,North
258,3846,QURU,early,2025,2025,6.5,4,0,0.89,No,No,,NA,IC+TSI-19-N,1,IC+TSI,1,,North
258,3847,QURU,early,2025,2025,3.5,1,0,0.65,No,No,,NA,IC+TSI-19-N,1,IC+TSI,1,,North
258,3848,ACRU,early,2025,2025,6.5,4,0,0.96,No,No,,NA,IC+TSI-19-N,1,IC+TSI,1,,North
258,4119,ACRU,early,2025,2025,,,,,No,Yes,,,IC+TSI-19-N,1,IC+TSI,1,,North
258,4195,ACRU,early,2025,2025,6,2,1,0.96,No,No,,NA,IC+TSI-19-N,1,IC+TSI,1,,North
258,4196,ACRU,early,2025,2025,6.5,3,3,1.08,No,No,,NA,IC+TSI-19-N,1,IC+TSI,1,,North
258,4197,ACRU,early,2025,2025,,,,,No,Yes,,,IC+TSI-19-N,1,IC+TSI,1,,North
258,4198,ACRU,early,2025,2025,9.5,4,1,0.7,No,No,,NA,IC+TSI-19-N,1,IC+TSI,1,,North
288,262,PRSE,early,2025,2025,25.5,13,6,4.28,No,No,,NA,IC+TSI-19-N,1,IC+TSI,1,,North
288,263,ACRU,early,2025,2025,16,2,2,1.77,No,No,,NA,IC+TSI-19-N,1,IC+TSI,1,,North
288,264,FRAM,early,2025,2025,15,3,2,5.32,No,No,,NA,IC+TSI-19-N,1,IC+TSI,1,,North
288,265,FRAM,early,2025,2025,26.5,20,9,4.39,No,No,,NA,IC+TSI-19-N,1,IC+TSI,1,,North
288,569,PRSE,early,2025,2025,36.5,37,21,7.88,No,No,,NA,IC+TSI-19-N,1,IC+TSI,1,,North
288,573,PRSE,early,2025,2025,25,15,14,3.96,No,No,,NA,IC+TSI-19-N,1,IC+TSI,1,,North
288,576,PRSE,early,2025,2025,31,19,7,3.52,No,No,,NA,IC+TSI-19-N,1,IC+TSI,1,,North
288,1962,ACRU,early,2025,2025,,,,,No,Yes,,,IC+TSI-19-N,1,IC+TSI,1,,North
372,754,PRSE,early,2025,2025,31.5,17,10,3.79,No,No,,NA,IC+TSI-19-N,1,IC+TSI,1,,North
372,760,RHFR,early,2025,2025,52,12,5,4.54,No,No,,NA,IC+TSI-19-N,1,IC+TSI,1,,North
372,767,PRSE,early,2025,2025,29,25,5,4.4,No,No,,NA,IC+TSI-19-N,1,IC+TSI,1,,North
372,772,FRAM,early,2025,2025,39,72,12,7.5,No,No,,NA,IC+TSI-19-N,1,IC+TSI,1,,North
372,1509,FRAM,early,2025,2025,16.5,2,1,1.5,No,No,,NA,IC+TSI-19-N,1,IC+TSI,1,,North
372,1512,PRSE,early,2025,2025,13,4,1,2.1,No,No,,NA,IC+TSI-19-N,1,IC+TSI,1,,North
372,1967,ACSP,early,2025,2025,,,,,No,Yes,,,IC+TSI-19-N,1,IC+TSI,1,,North
372,1980,ACRU,early,2025,2025,,,,,No,Yes,,,IC+TSI-19-N,1,IC+TSI,1,,North
372,2704,PRSE,early,2025,2025,13,2,2,2.51,No,No,,NA,IC+TSI-19-N,1,IC+TSI,1,,North
372,2706,QURU,early,2025,2025,22.5,7,2,5.29,No,No,,NA,IC+TSI-19-N,1,IC+TSI,1,,North
372,3704,SAAL,early,2025,2025,9.5,5,3,1.61,No,No,,NA,IC+TSI-19-N,1,IC+TSI,1,,North
372,3787,ACRU,early,2025,2025,,,,,No,Yes,,,IC+TSI-19-N,1,IC+TSI,1,,North
372,3788,ACRU,early,2025,2025,5.5,2,1,0.72,No,No,,NA,IC+TSI-19-N,1,IC+TSI,1,,North
372,3790,ACRU,early,2025,2025,,,,,No,Yes,,,IC+TSI-19-N,1,IC+TSI,1,,North
372,3792,ACRU,early,2025,2025,6.5,4,0,1.27,No,No,,NA,IC+TSI-19-N,1,IC+TSI,1,,North
372,3793,ACRU,early,2025,2025,5.5,3,0,0.83,No,No,,NA,IC+TSI-19-N,1,IC+TSI,1,,North
372,3794,ACRU,early,2025,2025,,,,,No,Yes,,,IC+TSI-19-N,1,IC+TSI,1,,North
372,4101,ACRU,early,2025,2025,6.5,4,0,1.27,No,No,,NA,IC+TSI-19-N,1,IC+TSI,1,,North
372,4178,ACRU,early,2025,2025,7.5,2,2,0.93,No,No,,NA,IC+TSI-19-N,1,IC+TSI,1,,North
373,753,FRAM,early,2025,2025,16,12,4,6.69,No,No,,NA,IC+TSI-19-N,1,IC+TSI,1,,North
373,757,ACSA,early,2025,2025,,,,,No,Yes,,,IC+TSI-19-N,1,IC+TSI,1,,North
373,766,ACSA,early,2025,2025,,,,,No,Yes,,,IC+TSI-19-N,1,IC+TSI,1,,North
373,770,ACSA,early,2025,2025,20,12,6,5.78,No,No,,NA,IC+TSI-19-N,1,IC+TSI,1,,North
373,771,FRAM,early,2025,2025,31.5,42,23,7.5,No,No,,NA,IC+TSI-19-N,1,IC+TSI,1,,North
373,1099,FRAM,early,2025,2025,104,136,13,12.52,No,No,,NA,IC+TSI-19-N,1,IC+TSI,1,,North
373,1965,ACSP,early,2025,2025,,,,,No,Yes,,,IC+TSI-19-N,1,IC+TSI,1,,North
373,1982,ACRU,early,2025,2025,,,,,No,Yes,,,IC+TSI-19-N,1,IC+TSI,1,,North
373,2684,ACRU,early,2025,2025,,,,,No,Yes,,,IC+TSI-19-N,1,IC+TSI,1,,North
373,3610,ACRU,early,2025,2025,11.5,4,1,1,No,No,,NA,IC+TSI-19-N,1,IC+TSI,1,,North
375,537,FRAM,early,2025,2025,,,,,No,Yes,,,IC+TSI-19-N,1,IC+TSI,1,,North
375,550,FRAM,early,2025,2025,16.5,24,8,7.97,No,No,,NA,IC+TSI-19-N,1,IC+TSI,1,,North
375,679,FRAM,early,2025,2025,25,187,5,10.84,No,No,,NA,IC+TSI-19-N,1,IC+TSI,1,,North
375,2683,QURU,early,2025,2025,12,3,1,3.88,No,No,,NA,IC+TSI-19-N,1,IC+TSI,1,,North
375,3611,ACRU,early,2025,2025,,,,,No,Yes,,,IC+TSI-19-N,1,IC+TSI,1,,North
375,3612,ACRU,early,2025,2025,,,,,No,Yes,,,IC+TSI-19-N,1,IC+TSI,1,,North
375,3836,QURU,early,2025,2025,14.5,3,1,3.13,No,No,,NA,IC+TSI-19-N,1,IC+TSI,1,,North
375,3837,QURU,early,2025,2025,7,4,0,0.7,No,No,,NA,IC+TSI-19-N,1,IC+TSI,1,,North
398,1883,QURU,early,2025,2025,,,,,No,Yes,,,IC+TSI-19-N,1,IC+TSI,1,,North
398,1887,VISP,early,2025,2025,,,,,No,Yes,,,IC+TSI-19-N,1,IC+TSI,1,,North
398,1889,ACRU,early,2025,2025,,,,,No,Yes,,,IC+TSI-19-N,1,IC+TSI,1,,North
398,1891,ACRU,early,2025,2025,,,,,No,Yes,,,IC+TSI-19-N,1,IC+TSI,1,,North
398,1892,PRSE,early,2025,2025,,,,,No,Yes,,,IC+TSI-19-N,1,IC+TSI,1,,North
398,1966,QURU,early,2025,2025,11.5,3,2,3.81,No,No,,NA,IC+TSI-19-N,1,IC+TSI,1,,North
398,1969,QURU,early,2025,2025,9,3,3,4.55,No,No,,NA,IC+TSI-19-N,1,IC+TSI,1,,North
398,1996,ACRU,early,2025,2025,,,,,No,Yes,,,IC+TSI-19-N,1,IC+TSI,1,,North
398,2294,PRSE,early,2025,2025,16.5,2,1,1.67,No,No,,NA,IC+TSI-19-N,1,IC+TSI,1,,North
398,2376,LITU,early,2025,2025,,,,,No,Yes,,,IC+TSI-19-N,1,IC+TSI,1,,North
398,2377,LITU,early,2025,2025,,,,,No,Yes,,,IC+TSI-19-N,1,IC+TSI,1,,North
398,2603,QURU,early,2025,2025,,,,,No,Yes,,,IC+TSI-19-N,1,IC+TSI,1,,North
398,2604,QURU,early,2025,2025,,,,,No,Yes,,,IC+TSI-19-N,1,IC+TSI,1,,North
398,2605,LITU,early,2025,2025,,,,,No,Yes,,,IC+TSI-19-N,1,IC+TSI,1,,North
398,2606,LITU,early,2025,2025,,,,,No,Yes,,,IC+TSI-19-N,1,IC+TSI,1,,North
398,2687,ACRU,early,2025,2025,,,,,No,Yes,,,IC+TSI-19-N,1,IC+TSI,1,,North
398,3870,LITU,early,2025,2025,6,4,0,0.54,No,No,,NA,IC+TSI-19-N,1,IC+TSI,1,,North
398,3871,PRSE,early,2025,2025,13,4,2,1.32,No,No,,NA,IC+TSI-19-N,1,IC+TSI,1,,North
398,3941,QURU,early,2025,2025,14,4,4,3.03,No,No,,NA,IC+TSI-19-N,1,IC+TSI,1,,North
398,3961,QURU,early,2025,2025,12,3,2,3.22,No,No,,NA,IC+TSI-19-N,1,IC+TSI,1,,North
398,4105,ACRU,early,2025,2025,7,2,2,0.85,No,No,,NA,IC+TSI-19-N,1,IC+TSI,1,,North
398,4106,ACRU,early,2025,2025,,,,,No,Yes,,,IC+TSI-19-N,1,IC+TSI,1,,North
398,4107,ACRU,early,2025,2025,,,,,No,Yes,,,IC+TSI-19-N,1,IC+TSI,1,,North
4,1818,RHFR,early,2025,2025,,,,,Yes,No,,,IC+TSI-19-S,0,IC+TSI,,1,South
127,1582,FRAM,early,2025,2025,,,,,Yes,No,,,IC+TSI-19-S,0,IC+TSI,,1,South
4,1,FRAM,early,2025,2025,16.5,0,0,4.43,No,No,,NA,IC+TSI-19-S,1,IC+TSI,1,,South
4,2,FRAM,early,2025,2025,21.5,0,0,4.93,No,No,,NA,IC+TSI-19-S,1,IC+TSI,1,,South
4,3,FRAM,early,2025,2025,62,59,59,8.66,No,No,,NA,IC+TSI-19-S,1,IC+TSI,1,,South
4,4,FRAM,early,2025,2025,19.5,18,18,6.18,No,No,,NA,IC+TSI-19-S,1,IC+TSI,1,,South
4,6,FRAM,early,2025,2025,29,59,59,5.36,No,No,,NA,IC+TSI-19-S,1,IC+TSI,1,,South
4,7,FRAM,early,2025,2025,32,88,88,8.92,No,No,,NA,IC+TSI-19-S,1,IC+TSI,1,,South
4,8,FRAM,early,2025,2025,72,117,117,10.75,No,No,,NA,IC+TSI-19-S,1,IC+TSI,1,,South
4,9,FRAM,early,2025,2025,34,23,22,9.01,No,No,,NA,IC+TSI-19-S,1,IC+TSI,1,,South
4,10,FRAM,early,2025,2025,25,19,18,5.89,No,No,,NA,IC+TSI-19-S,1,IC+TSI,1,,South
4,11,FRAM,early,2025,2025,22,23,23,4.67,No,No,,NA,IC+TSI-19-S,1,IC+TSI,1,,South
4,13,FRAM,early,2025,2025,48,72,68,9.09,No,No,,NA,IC+TSI-19-S,1,IC+TSI,1,,South
4,14,FRAM,early,2025,2025,30,41,39,5.66,No,No,,NA,IC+TSI-19-S,1,IC+TSI,1,,South
4,15,FRAM,early,2025,2025,31.5,41,21,5.54,No,No,,NA,IC+TSI-19-S,1,IC+TSI,1,,South
4,16,FRAM,early,2025,2025,27,21,19,5.26,No,No,,NA,IC+TSI-19-S,1,IC+TSI,1,,South
4,101,FRAM,early,2025,2025,,,,,No,Yes,,,IC+TSI-19-S,1,IC+TSI,1,,South
4,105,FRAM,early,2025,2025,15,22,16,5.19,No,No,,NA,IC+TSI-19-S,1,IC+TSI,1,,South
4,106,FRAM,early,2025,2025,52,0,0,9.89,No,No,,NA,IC+TSI-19-S,1,IC+TSI,1,,South
4,107,FRAM,early,2025,2025,62.5,74,74,12.64,No,No,,NA,IC+TSI-19-S,1,IC+TSI,1,,South
4,1820,RHFR,early,2025,2025,,,,,No,Yes,,,IC+TSI-19-S,1,IC+TSI,1,,South
4,1917,LITU,early,2025,2025,39,10,6,8.86,No,No,,NA,IC+TSI-19-S,1,IC+TSI,1,,South
4,1972,LITU,early,2025,2025,,,,,No,Yes,,,IC+TSI-19-S,1,IC+TSI,1,,South
4,2307,LITU,early,2025,2025,46,14,8,6.16,No,No,,NA,IC+TSI-19-S,1,IC+TSI,1,,South
4,3209,LITU,early,2025,2025,11,5,4,2.51,No,No,,NA,IC+TSI-19-S,1,IC+TSI,1,,South
4,3518,FRAM,early,2025,2025,28,10,8,4.76,No,No,,NA,IC+TSI-19-S,1,IC+TSI,1,,South
4,3693,ACRU,early,2025,2025,,,,,No,Yes,,,IC+TSI-19-S,1,IC+TSI,1,,South
4,3831,LITU,early,2025,2025,5.5,3,2,0.96,No,No,,NA,IC+TSI-19-S,1,IC+TSI,1,,South
4,4125,FRAM,early,2025,2025,72.5,63,3,10.15,No,No,,NA,IC+TSI-19-S,1,IC+TSI,1,,South
4,4126,ACRU,early,2025,2025,10,2,2,1.68,No,No,,NA,IC+TSI-19-S,1,IC+TSI,1,,South
13,1816,LITU,early,2025,2025,,,,,No,Yes,,,IC+TSI-19-S,1,IC+TSI,1,,South
13,1817,LITU,early,2025,2025,,,,,No,Yes,,,IC+TSI-19-S,1,IC+TSI,1,,South
14,1557,FRAM,early,2025,2025,11.5,5,0,2.34,No,No,,NA,IC+TSI-19-S,1,IC+TSI,1,,South
14,1559,FRAM,early,2025,2025,15.5,20,9,5.66,No,No,,NA,IC+TSI-19-S,1,IC+TSI,1,,South
14,1560,FRAM,early,2025,2025,14.5,14,14,4.16,No,No,,NA,IC+TSI-19-S,1,IC+TSI,1,,South
14,1561,FRAM,early,2025,2025,19.5,20,20,6.31,No,No,,NA,IC+TSI-19-S,1,IC+TSI,1,,South
14,1562,FRAM,early,2025,2025,24,21,5,4.25,No,No,,NA,IC+TSI-19-S,1,IC+TSI,1,,South
14,3349,FRAM,early,2025,2025,,,,,No,Yes,,,IC+TSI-19-S,1,IC+TSI,1,,South
14,3997,FRAM,early,2025,2025,,,,,No,Yes,,,IC+TSI-19-S,1,IC+TSI,1,,South
14,4010,FRAM,early,2025,2025,9,3,2,4.34,No,No,,NA,IC+TSI-19-S,1,IC+TSI,1,,South
14,4015,FRAM,early,2025,2025,20,8,7,2.6,No,No,,NA,IC+TSI-19-S,1,IC+TSI,1,,South
14,4016,ULRU,early,2025,2025,14,9,1,1.55,No,No,,NA,IC+TSI-19-S,1,IC+TSI,1,,South
19,3694,ACRU,early,2025,2025,,,,,No,Yes,,,IC+TSI-19-S,1,IC+TSI,1,,South
126,677,FRAM,early,2025,2025,27,37,37,5.02,No,No,,NA,IC+TSI-19-S,1,IC+TSI,1,,South
126,678,FRAM,early,2025,2025,58.5,96,56,11.55,No,No,,NA,IC+TSI-19-S,1,IC+TSI,1,,South
126,688,FRAM,early,2025,2025,75,18,10,11.88,No,No,,NA,IC+TSI-19-S,1,IC+TSI,1,,South
126,1603,FRAM,early,2025,2025,43.5,39,19,4.46,No,No,,NA,IC+TSI-19-S,1,IC+TSI,1,,South
126,1604,FRAM,early,2025,2025,,,,,No,Yes,,,IC+TSI-19-S,1,IC+TSI,1,,South
126,1605,FRAM,early,2025,2025,20.5,7,7,3.9,No,No,,NA,IC+TSI-19-S,1,IC+TSI,1,,South
126,1606,FRAM,early,2025,2025,32,28,28,7.28,No,No,,NA,IC+TSI-19-S,1,IC+TSI,1,,South
126,1608,FRAM,early,2025,2025,21,15,14,6.03,No,No,,NA,IC+TSI-19-S,1,IC+TSI,1,,South
126,1609,FRAM,early,2025,2025,10,6,3,3.1,No,No,,NA,IC+TSI-19-S,1,IC+TSI,1,,South
126,1610,FRAM,early,2025,2025,14.5,4,4,2.4,No,No,,NA,IC+TSI-19-S,1,IC+TSI,1,,South
126,1611,FRAM,early,2025,2025,12,8,3,2.35,No,No,,NA,IC+TSI-19-S,1,IC+TSI,1,,South
126,1612,FRAM,early,2025,2025,19,11,11,3.58,No,No,,NA,IC+TSI-19-S,1,IC+TSI,1,,South
126,1613,FRAM,early,2025,2025,17.5,7,7,5.01,No,No,,NA,IC+TSI-19-S,1,IC+TSI,1,,South
126,1657,FRAM,early,2025,2025,24,25,6,4.88,No,No,,NA,IC+TSI-19-S,1,IC+TSI,1,,South
126,3210,LITU,early,2025,2025,,,,,No,Yes,,,IC+TSI-19-S,1,IC+TSI,1,,South
126,3715,ACRU,early,2025,2025,7.5,4,2,1.39,No,No,,NA,IC+TSI-19-S,1,IC+TSI,1,,South
127,598,FRAM,early,2025,2025,69.5,64,62,11.22,No,No,,NA,IC+TSI-19-S,1,IC+TSI,1,,South
127,1578,FRAM,early,2025,2025,135,18,13,9.68,No,No,,NA,IC+TSI-19-S,1,IC+TSI,1,,South
127,1580,FRAM,early,2025,2025,39,47,40,5.87,No,No,,NA,IC+TSI-19-S,1,IC+TSI,1,,South
127,1584,FRAM,early,2025,2025,109,106,21,15.26,No,No,,NA,IC+TSI-19-S,1,IC+TSI,1,,South
127,1585,FRAM,early,2025,2025,98,131,18,12.82,No,No,,NA,IC+TSI-19-S,1,IC+TSI,1,,South
127,1586,FRAM,early,2025,2025,29,37,35,6.78,No,No,,NA,IC+TSI-19-S,1,IC+TSI,1,,South
127,1587,FRAM,early,2025,2025,32.5,20,7,6.66,No,No,,NA,IC+TSI-19-S,1,IC+TSI,1,,South
127,1589,FRAM,early,2025,2025,11,3,13,4.62,No,No,,NA,IC+TSI-19-S,1,IC+TSI,1,,South
127,1590,FRAM,early,2025,2025,26,44,30,6.76,No,No,,NA,IC+TSI-19-S,1,IC+TSI,1,,South
127,1814,SODU,early,2025,2025,,,,,No,Yes,,,IC+TSI-19-S,1,IC+TSI,1,,South
127,1862,FRAM,early,2025,2025,44,31,29,8.22,No,No,,NA,IC+TSI-19-S,1,IC+TSI,1,,South
127,1863,FRAM,early,2025,2025,22,10,10,3.57,No,No,,NA,IC+TSI-19-S,1,IC+TSI,1,,South
127,3903,ACRU,early,2025,2025,5.5,4,2,1.64,No,No,,NA,IC+TSI-19-S,1,IC+TSI,1,,South
127,4014,ULRU,early,2025,2025,5.5,6,4,0.92,No,No,,NA,IC+TSI-19-S,1,IC+TSI,1,,South
131,401,FRAM,early,2025,2025,19,27,14,4.47,No,No,,NA,IC+TSI-19-S,1,IC+TSI,1,,South
131,411,FRAM,early,2025,2025,31.5,22,6,6.45,No,No,,NA,IC+TSI-19-S,1,IC+TSI,1,,South
131,412,FRAM,early,2025,2025,25,19,4,5.99,No,No,,NA,IC+TSI-19-S,1,IC+TSI,1,,South
131,421,FRAM,early,2025,2025,22,15,5,3.95,No,No,,NA,IC+TSI-19-S,1,IC+TSI,1,,South
131,422,FRAM,early,2025,2025,19.5,24,7,5.26,No,No,,NA,IC+TSI-19-S,1,IC+TSI,1,,South
131,426,FRAM,early,2025,2025,26,14,1,5.53,No,No,,NA,IC+TSI-19-S,1,IC+TSI,1,,South
131,427,VIRI,early,2025,2025,10,3,3,4.05,No,No,,NA,IC+TSI-19-S,1,IC+TSI,1,,South
131,612,FRAM,early,2025,2025,65.5,56,34,7.06,No,No,,NA,IC+TSI-19-S,1,IC+TSI,1,,South
131,614,FRAM,early,2025,2025,28.5,22,8,6.27,No,No,,NA,IC+TSI-19-S,1,IC+TSI,1,,South
131,616,FRAM,early,2025,2025,,,,,No,Yes,,,IC+TSI-19-S,1,IC+TSI,1,,South
131,620,PRSE,early,2025,2025,15,6,2,4.65,No,No,,NA,IC+TSI-19-S,1,IC+TSI,1,,South
131,621,FRAM,early,2025,2025,17.5,10,1,3.24,No,No,,NA,IC+TSI-19-S,1,IC+TSI,1,,South
131,622,FRAM,early,2025,2025,121,62,135,17.65,No,No,,NA,IC+TSI-19-S,1,IC+TSI,1,,South
131,623,FRAM,early,2025,2025,30.5,30,15,5.35,No,No,,NA,IC+TSI-19-S,1,IC+TSI,1,,South
131,624,SODU,early,2025,2025,45,14,1,2.21,No,No,,NA,IC+TSI-19-S,1,IC+TSI,1,,South
131,626,FRAM,early,2025,2025,29,20,7,4.47,No,No,,NA,IC+TSI-19-S,1,IC+TSI,1,,South
131,1810,VIRI,early,2025,2025,,,,,No,Yes,,,IC+TSI-19-S,1,IC+TSI,1,,South
131,1811,LITU,early,2025,2025,,,,,No,Yes,,,IC+TSI-19-S,1,IC+TSI,1,,South
131,1859,FRAM,early,2025,2025,19,9,6,7.22,No,No,,NA,IC+TSI-19-S,1,IC+TSI,1,,South
131,1860,SODU,early,2025,2025,104,32,5,1.3,No,No,,NA,IC+TSI-19-S,1,IC+TSI,1,,South
131,1861,FRAM,early,2025,2025,,,,,No,Yes,,,IC+TSI-19-S,1,IC+TSI,1,,South
131,2665,FRAM,early,2025,2025,16.5,9,1,2.13,No,No,,NA,IC+TSI-19-S,1,IC+TSI,1,,South
131,4128,PRSE,early,2025,2025,,,,,No,Yes,,,IC+TSI-19-S,1,IC+TSI,1,,South
80,575,PRSE,early,2025,2025,,,,,Yes,No,,,IC-18-M,0,IC,,1,Middle
73,702,ULRU,early,2025,2025,138,145,12,10.41,No,No,,NA,IC-18-M,1,IC,1,,Middle
73,782,QURU,early,2025,2025,35,4,3,3.33,No,No,,NA,IC-18-M,1,IC,1,,Middle
80,266,ACRU,early,2025,2025,12,3,3,2.41,No,No,,NA,IC-18-M,1,IC,1,,Middle
80,566,RHFR,early,2025,2025,49,31,0,5.35,No,No,,NA,IC-18-M,1,IC,1,,Middle
80,568,ACRU,early,2025,2025,28,15,12,5.99,No,No,,NA,IC-18-M,1,IC,1,,Middle
80,586,QURU,early,2025,2025,12,4,3,3.18,No,No,,NA,IC-18-M,1,IC,1,,Middle
80,1841,QURU,early,2025,2025,7.5,2,1,2.59,No,No,,NA,IC-18-M,1,IC,1,,Middle
80,3832,QURU,early,2025,2025,5,4,0,1.91,No,No,,NA,IC-18-M,1,IC,1,,Middle
80,3833,QURU,early,2025,2025,7.5,2,2,1.48,No,No,,NA,IC-18-M,1,IC,1,,Middle
80,3834,QURU,early,2025,2025,3.5,2,0,0.88,No,No,,NA,IC-18-M,1,IC,1,,Middle
80,3891,QURU,early,2025,2025,7,3,1,1.93,No,No,,NA,IC-18-M,1,IC,1,,Middle
80,3892,QURU,early,2025,2025,6,5,0,1.33,No,No,,NA,IC-18-M,1,IC,1,,Middle
89,168,RHFR,early,2025,2025,135,53,18,10.8,No,No,,NA,IC-18-M,1,IC,1,,Middle
89,169,QUAL,early,2025,2025,21,10,0,4.78,No,No,,NA,IC-18-M,1,IC,1,,Middle
89,173,RHFR,early,2025,2025,98.5,48,4,6.83,No,No,,NA,IC-18-M,1,IC,1,,Middle
89,174,FRAM,early,2025,2025,16.5,14,2,2.91,No,No,,NA,IC-18-M,1,IC,1,,Middle
89,531,QURU,early,2025,2025,29.5,3,3,6.35,No,No,,NA,IC-18-M,1,IC,1,,Middle
89,532,RHFR,early,2025,2025,141,136,11,12.82,No,No,,NA,IC-18-M,1,IC,1,,Middle
89,533,RHFR,early,2025,2025,174,150,13,11.02,No,No,,NA,IC-18-M,1,IC,1,,Middle
89,534,FRAM,early,2025,2025,183.5,345,18,21.56,No,No,,NA,IC-18-M,1,IC,1,,Middle
89,535,RHFR,early,2025,2025,187,161,20,11.12,No,No,,NA,IC-18-M,1,IC,1,,Middle
89,925,FRAM,early,2025,2025,,,,,No,Yes,,,IC-18-M,1,IC,1,,Middle
89,1925,FRAM,early,2025,2025,22.5,21,1,3.92,No,No,,NA,IC-18-M,1,IC,1,,Middle
89,2658,FRAM,early,2025,2025,36,36,3,10.78,No,No,,NA,IC-18-M,1,IC,1,,Middle
98,712,QURU,early,2025,2025,11.5,5,3,10.61,No,No,,NA,IC-18-M,1,IC,1,,Middle
98,1548,CACA,early,2025,2025,4.5,9,3,5.58,No,No,,NA,IC-18-M,1,IC,1,,Middle
98,1555,RUAL,early,2025,2025,,,,,No,Yes,,,IC-18-M,1,IC,1,,Middle
98,2661,RUAL,early,2025,2025,14,6,2,1.46,No,No,,NA,IC-18-M,1,IC,1,,Middle
98,2662,ACRU,early,2025,2025,7,2,0,0.75,No,No,,NA,IC-18-M,1,IC,1,,Middle
98,4147,ROMU,early,2025,2025,,,,,No,Yes,,,IC-18-M,1,IC,1,,Middle
98,4148,RUAL,early,2025,2025,12.5,8,0,0.76,No,No,,NA,IC-18-M,1,IC,1,,Middle
98,4186,RUAL,early,2025,2025,,,,,No,Yes,,,IC-18-M,1,IC,1,,Middle
98,4187,RUAL,early,2025,2025,,,,,No,Yes,,,IC-18-M,1,IC,1,,Middle
98,4188,RUAL,early,2025,2025,,,,,No,Yes,,,IC-18-M,1,IC,1,,Middle
98,4285,RUAL,early,2025,2025,9,9,2,1.01,No,No,,NA,IC-18-M,1,IC,1,,Middle
98,4287,RUAL,early,2025,2025,18.5,3,0,1.35,No,No,,NA,IC-18-M,1,IC,1,,Middle
101,436,ACSA,early,2025,2025,21,2,0,1.87,No,No,,NA,IC-18-M,1,IC,1,,Middle
101,437,ACSA,early,2025,2025,36.5,8,0,5.76,No,No,,NA,IC-18-M,1,IC,1,,Middle
101,604,FRAM,early,2025,2025,100,109,22,12.91,No,No,,NA,IC-18-M,1,IC,1,,Middle
101,2660,RUAL,early,2025,2025,,,,,No,Yes,,,IC-18-M,1,IC,1,,Middle
123,152,ACSA,early,2025,2025,,,,,No,Yes,,,IC-18-M,1,IC,1,,Middle
123,156,ACRU,early,2025,2025,24,11,0,4.57,No,No,,NA,IC-18-M,1,IC,1,,Middle
123,157,ACRU,early,2025,2025,24.5,11,3,4.94,No,No,,NA,IC-18-M,1,IC,1,,Middle
123,158,ACSA,early,2025,2025,13.5,2,0,1.68,No,No,,NA,IC-18-M,1,IC,1,,Middle
123,164,ACRU,early,2025,2025,13,4,1,3.54,No,No,,NA,IC-18-M,1,IC,1,,Middle
123,166,LITU,early,2025,2025,27,6,3,5.62,No,No,,NA,IC-18-M,1,IC,1,,Middle
123,2098,CACO,early,2025,2025,11,7,1,2.88,No,No,,NA,IC-18-M,1,IC,1,,Middle
123,3511,ACRU,early,2025,2025,12.5,4,0,1.96,No,No,,NA,IC-18-M,1,IC,1,,Middle
123,3596,ACRU,early,2025,2025,,,,,No,Yes,,,IC-18-M,1,IC,1,,Middle
123,3634,ACRU,early,2025,2025,,,,,No,Yes,,,IC-18-M,1,IC,1,,Middle
123,3835,LITU,early,2025,2025,5.5,5,1,0.85,No,No,,NA,IC-18-M,1,IC,1,,Middle
123,4189,ACRU,early,2025,2025,13,4,1,1.94,No,No,,NA,IC-18-M,1,IC,1,,Middle
197,3696,ACRU,early,2025,2025,,,,,Yes,No,,,IC-18-N,0,IC,,1,North
259,1653,COFO,early,2025,2025,,,,,Yes,No,,,IC-18-N,0,IC,,1,North
197,216,CACO,early,2025,2025,18,15,8,4.13,No,No,,NA,IC-18-N,1,IC,1,,North
197,217,FRAM,early,2025,2025,,,,,No,Yes,,,IC-18-N,1,IC,1,,North
197,218,EUOB,early,2025,2025,10.5,4,1,1.36,No,No,,NA,IC-18-N,1,IC,1,,North
198,386,FRAM,early,2025,2025,,,,,No,Yes,,,IC-18-N,1,IC,1,,North
198,387,FRAM,early,2025,2025,,,,,No,Yes,,,IC-18-N,1,IC,1,,North
198,388,FRAM,early,2025,2025,25.5,17,4,1.75,No,No,,NA,IC-18-N,1,IC,1,,North
198,625,FRAM,early,2025,2025,33.5,38,17,4.99,No,No,,NA,IC-18-N,1,IC,1,,North
198,2800,RHFR,early,2025,2025,26,8,8,2.73,No,No,,NA,IC-18-N,1,IC,1,,North
198,3607,ACRU,early,2025,2025,,,,,No,Yes,,,IC-18-N,1,IC,1,,North
198,3609,ACRU,early,2025,2025,8.5,3,1,1.19,No,No,,NA,IC-18-N,1,IC,1,,North
257,215,FRAM,early,2025,2025,16.5,16,3,3.77,No,No,,NA,IC-18-N,1,IC,1,,North
257,223,FRAM,early,2025,2025,10.5,10,0,3.73,No,No,,NA,IC-18-N,1,IC,1,,North
257,224,FRAM,early,2025,2025,12,25,12,5.76,No,No,,NA,IC-18-N,1,IC,1,,North
257,542,FRAM,early,2025,2025,37.5,48,0,9.53,No,No,,NA,IC-18-N,1,IC,1,,North
257,544,FRAM,early,2025,2025,14.5,20,7,5.63,No,No,,NA,IC-18-N,1,IC,1,,North
257,3608,LITU,early,2025,2025,6,3,1,1.02,No,No,,NA,IC-18-N,1,IC,1,,North
259,1649,RHFR,early,2025,2025,,,,,No,Yes,,,IC-18-N,1,IC,1,,North
259,1650,VIDE,early,2025,2025,45,19,0,4.51,No,No,,NA,IC-18-N,1,IC,1,,North
259,1651,CACO,early,2025,2025,20,6,5,5.3,No,No,,NA,IC-18-N,1,IC,1,,North
259,1652,VIDE,early,2025,2025,,,,,No,Yes,,,IC-18-N,1,IC,1,,North
259,1654,COFO,early,2025,2025,,,,,No,Yes,,,IC-18-N,1,IC,1,,North
259,1656,LOMO,early,2025,2025,55,11,0,2.07,No,No,,NA,IC-18-N,1,IC,1,,North
259,1905,FRAM,early,2025,2025,51.5,41,12,6.76,No,No,,NA,IC-18-N,1,IC,1,,North
259,2096,VIDE,early,2025,2025,17.5,11,4,3.43,No,No,,NA,IC-18-N,1,IC,1,,North
259,3722,PAQU,early,2025,2025,24,5,0,2.14,No,No,,NA,IC-18-N,1,IC,1,,North
346,391,RHFR,early,2025,2025,22.5,6,6,1.95,No,No,,NA,IC-18-N,1,IC,1,,North
346,392,FRAM,early,2025,2025,24.5,24,0,4.24,No,No,,NA,IC-18-N,1,IC,1,,North
346,393,FRAM,early,2025,2025,24,11,2,2.41,No,No,,NA,IC-18-N,1,IC,1,,North
346,394,FRAM,early,2025,2025,28.5,44,1,7.26,No,No,,NA,IC-18-N,1,IC,1,,North
346,395,FRAM,early,2025,2025,17,20,0,4.94,No,No,,NA,IC-18-N,1,IC,1,,North
346,2002,FRAM,early,2025,2025,12,15,0,2.2,No,No,,NA,IC-18-N,1,IC,1,,North
346,3692,MASP,early,2025,2025,,,,,No,Yes,,,IC-18-N,1,IC,1,,North
376,691,FRAM,early,2025,2025,122,138,34,15.63,No,No,,NA,IC-18-N,1,IC,1,,North
376,692,RHFR,early,2025,2025,20.5,4,4,5.4,No,No,,NA,IC-18-N,1,IC,1,,North
22,24,PAQU,early,2025,2025,,,,,No,Yes,,,IC-18-S,1,IC,1,,South
22,3506,ACRU,early,2025,2025,,,,,No,Yes,,,IC-18-S,1,IC,1,,South
22,3998,ROMU,early,2025,2025,,,,,No,Yes,,,IC-18-S,1,IC,1,,South
22,3999,ROMU,early,2025,2025,,,,,No,Yes,,,IC-18-S,1,IC,1,,South
27,513,ACSA,early,2025,2025,,,,,No,Yes,,,IC-18-S,1,IC,1,,South
27,513,ACSA,early,2025,2025,,,,,No,Yes,,,IC-18-S,1,IC,1,,South
35,1602,FRAM,early,2025,2025,,,,,No,Yes,,,IC-18-S,1,IC,1,,South
35,1635,RUAL,early,2025,2025,35,15,4,2.66,No,No,,NA,IC-18-S,1,IC,1,,South
35,2325,RUAL,early,2025,2025,,,,,No,Yes,,,IC-18-S,1,IC,1,,South
35,2752,FRAM,early,2025,2025,,,,,No,Yes,,,IC-18-S,1,IC,1,,South
35,4002,QURU,early,2025,2025,16,4,1,3.11,No,No,,NA,IC-18-S,1,IC,1,,South
50,41,PRVI,early,2025,2025,12,19,6,2.98,No,No,,NA,IC-18-S,1,IC,1,,South
50,42,RHFR,early,2025,2025,19,9,7,2.31,No,No,,NA,IC-18-S,1,IC,1,,South
50,43,RHFR,early,2025,2025,65,36,12,4.65,No,No,,NA,IC-18-S,1,IC,1,,South
50,45,FRAM,early,2025,2025,20,18,0,5.88,No,No,,NA,IC-18-S,1,IC,1,,South
50,1914,PRVI,early,2025,2025,16,13,4,2.65,No,No,,NA,IC-18-S,1,IC,1,,South
59,408,RUAL,early,2025,2025,,,,,No,Yes,,,IC-18-S,1,IC,1,,South
59,410,RUAL,early,2025,2025,,,,,No,Yes,,,IC-18-S,1,IC,1,,South
59,413,RUAL,early,2025,2025,,,,,No,Yes,,,IC-18-S,1,IC,1,,South
59,416,RUAL,early,2025,2025,,,,,No,Yes,,,IC-18-S,1,IC,1,,South
59,3514,RUAL,early,2025,2025,,,,,No,Yes,,,IC-18-S,1,IC,1,,South
59,3515,RUAL,early,2025,2025,7.5,15,0,1.1,No,No,,NA,IC-18-S,1,IC,1,,South
59,3516,QURU,early,2025,2025,,,,,No,Yes,,,IC-18-S,1,IC,1,,South
59,4007,RUSP,early,2025,2025,9,9,5,0.77,No,No,,NA,IC-18-S,1,IC,1,,South
71,1854,RUAL,early,2025,2025,53,39,11,6.59,No,No,,NA,IC-18-S,1,IC,1,,South
71,3902,RUAL,early,2025,2025,76,52,2,2.19,No,No,,NA,IC-18-S,1,IC,1,,South
71,4004,ACRU,early,2025,2025,7,3,0,0.98,No,No,,NA,IC-18-S,1,IC,1,,South
90,177,ACSA,early,2025,2025,,,,,Yes,No,,,IC-19-M,0,IC,,1,Middle
118,565,ROMU,early,2025,2025,,,,,Yes,No,,,IC-19-M,0,IC,,1,Middle
120,4283,ACRU,early,2025,2025,,,,,Yes,No,,,IC-19-M,0,IC,,1,Middle
90,175,ACSA,early,2025,2025,19.5,2,1,3.85,No,No,,NA,IC-19-M,1,IC,1,,Middle
90,176,FRAM,early,2025,2025,11,2,0,1.43,No,No,,NA,IC-19-M,1,IC,1,,Middle
90,178,FRAM,early,2025,2025,,,,,No,Yes,,,IC-19-M,1,IC,1,,Middle
90,179,FRAM,early,2025,2025,17,2,2,3.17,No,No,,NA,IC-19-M,1,IC,1,,Middle
90,3395,PRSE,early,2025,2025,9.5,2,2,2.21,No,No,,NA,IC-19-M,1,IC,1,,Middle
90,3397,PRSE,early,2025,2025,10,1,1,2.04,No,No,,NA,IC-19-M,1,IC,1,,Middle
90,3602,ACRU,early,2025,2025,10.5,4,1,1.09,No,No,,NA,IC-19-M,1,IC,1,,Middle
90,3783,LITU,early,2025,2025,,,,,No,Yes,,,IC-19-M,1,IC,1,,Middle
100,644,FRAM,early,2025,2025,41.5,29,11,4.79,No,No,,NA,IC-19-M,1,IC,1,,Middle
100,645,CACO,early,2025,2025,24,15,8,3.1,No,No,,NA,IC-19-M,1,IC,1,,Middle
100,646,FRAM,early,2025,2025,26,22,15,4.39,No,No,,NA,IC-19-M,1,IC,1,,Middle
100,3695,ACRU,early,2025,2025,,,,,No,Yes,,,IC-19-M,1,IC,1,,Middle
100,3782,ACRU,early,2025,2025,8,2,2,1.32,No,No,,NA,IC-19-M,1,IC,1,,Middle
100,4012,QURU,early,2025,2025,11.5,5,5,2.8,No,No,,NA,IC-19-M,1,IC,1,,Middle
100,4017,QURU,early,2025,2025,9,3,0,4.38,No,No,,NA,IC-19-M,1,IC,1,,Middle
100,4103,ACRU,early,2025,2025,,,,,No,Yes,,,IC-19-M,1,IC,1,,Middle
108,748,FRAM,early,2025,2025,16,21,8,4.49,No,No,,NA,IC-19-M,1,IC,1,,Middle
108,752,LITU,early,2025,2025,86,17,2,12.05,No,No,,NA,IC-19-M,1,IC,1,,Middle
108,774,FRAM,early,2025,2025,123,101,39,12.11,No,No,,NA,IC-19-M,1,IC,1,,Middle
108,775,FRAM,early,2025,2025,76,41,12,10.8,No,No,,NA,IC-19-M,1,IC,1,,Middle
108,776,FRAM,early,2025,2025,28,27,6,7.08,No,No,,NA,IC-19-M,1,IC,1,,Middle
108,777,FRAM,early,2025,2025,67.5,28,23,10.03,No,No,,NA,IC-19-M,1,IC,1,,Middle
108,1898,FRAM,early,2025,2025,,,,,No,Yes,,,IC-19-M,1,IC,1,,Middle
108,1899,FRAM,early,2025,2025,60,28,8,5.29,No,No,,NA,IC-19-M,1,IC,1,,Middle
108,1900,ACSA,early,2025,2025,10,2,0,2.59,No,No,,NA,IC-19-M,1,IC,1,,Middle
111,180,RHFR,early,2025,2025,16.5,11,7,4.45,No,No,,NA,IC-19-M,1,IC,1,,Middle
111,181,RHFR,early,2025,2025,,,,,No,Yes,,,IC-19-M,1,IC,1,,Middle
111,183,RHFR,early,2025,2025,18,8,8,3.34,No,No,,NA,IC-19-M,1,IC,1,,Middle
111,599,ACSA,early,2025,2025,58,20,5,9.3,No,No,,NA,IC-19-M,1,IC,1,,Middle
118,268,LOMO,early,2025,2025,23,4,1,2.37,No,No,,NA,IC-19-M,1,IC,1,,Middle
118,270,FRAM,early,2025,2025,,,,,No,Yes,,,IC-19-M,1,IC,1,,Middle
118,1835,ACSA,early,2025,2025,15,1,1,3.69,No,No,,NA,IC-19-M,1,IC,1,,Middle
118,2097,RHFR,early,2025,2025,,,,,No,Yes,,,IC-19-M,1,IC,1,,Middle
120,271,QURU,early,2025,2025,20,5,5,4.77,No,No,,NA,IC-19-M,1,IC,1,,Middle
120,272,PRSE,early,2025,2025,8,4,3,1.29,No,No,,NA,IC-19-M,1,IC,1,,Middle
120,273,FRAM,early,2025,2025,26,154,35,9.76,No,No,,NA,IC-19-M,1,IC,1,,Middle
120,274,ACSA,early,2025,2025,12.5,2,2,3.37,No,No,,NA,IC-19-M,1,IC,1,,Middle
120,275,ACSA,early,2025,2025,,,,,No,Yes,,,IC-19-M,1,IC,1,,Middle
120,276,PRSE,early,2025,2025,10,5,2,4.29,No,No,,NA,IC-19-M,1,IC,1,,Middle
120,277,FRAM,early,2025,2025,21,4,4,3.07,No,No,,NA,IC-19-M,1,IC,1,,Middle
120,278,ACSA,early,2025,2025,,,,,No,Yes,,,IC-19-M,1,IC,1,,Middle
120,279,PRSE,early,2025,2025,22,8,8,4.41,No,No,,NA,IC-19-M,1,IC,1,,Middle
120,287,ACSA,early,2025,2025,16,2,2,2.81,No,No,,NA,IC-19-M,1,IC,1,,Middle
120,290,ACSA,early,2025,2025,20,4,4,4,No,No,,NA,IC-19-M,1,IC,1,,Middle
120,291,ACSA,early,2025,2025,14,2,1,3.4,No,No,,NA,IC-19-M,1,IC,1,,Middle
120,292,ACSA,early,2025,2025,11,1,1,5.66,No,No,,NA,IC-19-M,1,IC,1,,Middle
120,294,FRAM,early,2025,2025,17,18,5,3.45,No,No,,NA,IC-19-M,1,IC,1,,Middle
120,295,FRAM,early,2025,2025,21.5,12,6,4.9,No,No,,NA,IC-19-M,1,IC,1,,Middle
120,564,ACSA,early,2025,2025,25,15,4,6.31,No,No,,NA,IC-19-M,1,IC,1,,Middle
120,577,FRAM,early,2025,2025,86.5,154,35,11.95,No,No,,NA,IC-19-M,1,IC,1,,Middle
120,578,FRAM,early,2025,2025,32.5,49,20,7.66,No,No,,NA,IC-19-M,1,IC,1,,Middle
120,3391,RHFR,early,2025,2025,85,27,8,5.62,No,No,,NA,IC-19-M,1,IC,1,,Middle
120,3399,LITU,early,2025,2025,12,5,2,1.46,No,No,,NA,IC-19-M,1,IC,1,,Middle
120,4018,LITU,early,2025,2025,3.5,4,1,1.09,No,No,,NA,IC-19-M,1,IC,1,,Middle
120,4019,LITU,early,2025,2025,5,5,0,1.9,No,No,,NA,IC-19-M,1,IC,1,,Middle
120,4020,MASP,early,2025,2025,4.5,11,2,0.66,No,No,,NA,IC-19-M,1,IC,1,,Middle
272,641,FRAM,early,2025,2025,,,,,Yes,No,,,IC-19-N,0,IC,,1,North
371,1503,FRAM,early,2025,2025,,,,,Yes,No,,,IC-19-N,0,IC,,1,North
400,1641,FRAM,early,2025,2025,,,,,Yes,No,,,IC-19-N,0,IC,,1,North
252,561,FRAM,early,2025,2025,12.5,21,5,7.61,No,No,,NA,IC-19-N,1,IC,1,,North
252,562,FRAM,early,2025,2025,25,16,5,8.45,No,No,,NA,IC-19-N,1,IC,1,,North
252,563,FRAM,early,2025,2025,47.5,23,0,7.46,No,No,,NA,IC-19-N,1,IC,1,,North
252,1702,FRAM,early,2025,2025,15,16,0,4.45,No,No,,NA,IC-19-N,1,IC,1,,North
252,1704,FRAM,early,2025,2025,27,23,3,4.75,No,No,,NA,IC-19-N,1,IC,1,,North
252,1705,FRAM,early,2025,2025,11,6,0,1.9,No,No,,NA,IC-19-N,1,IC,1,,North
252,1706,NYSY,early,2025,2025,49,74,0,8.3,No,No,,NA,IC-19-N,1,IC,1,,North
252,1708,FRAM,early,2025,2025,22,18,6,4.07,No,No,,NA,IC-19-N,1,IC,1,,North
252,1710,FRAM,early,2025,2025,19.5,12,0,3.08,No,No,,NA,IC-19-N,1,IC,1,,North
252,1711,FRAM,early,2025,2025,,,,,No,Yes,,,IC-19-N,1,IC,1,,North
252,1903,FRAM,early,2025,2025,,,,,No,Yes,,,IC-19-N,1,IC,1,,North
252,1904,FRAM,early,2025,2025,,,,,No,Yes,,,IC-19-N,1,IC,1,,North
252,2313,LITU,early,2025,2025,,,,,No,Yes,,,IC-19-N,1,IC,1,,North
252,3635,RHFR,early,2025,2025,6.5,5,1,1.63,No,No,,NA,IC-19-N,1,IC,1,,North
252,3995,RHFR,early,2025,2025,9,8,4,1.16,No,No,,NA,IC-19-N,1,IC,1,,North
253,476,RHFR,early,2025,2025,,,,,No,Yes,,,IC-19-N,1,IC,1,,North
253,477,FRAM,early,2025,2025,,,,,No,Yes,,,IC-19-N,1,IC,1,,North
253,478,FRAM,early,2025,2025,21,15,0,3.86,No,No,,NA,IC-19-N,1,IC,1,,North
253,480,FRAM,early,2025,2025,24,20,4,4.36,No,No,,NA,IC-19-N,1,IC,1,,North
253,481,FRAM,early,2025,2025,,,,,No,Yes,,,IC-19-N,1,IC,1,,North
253,482,FRAM,early,2025,2025,,,,,No,Yes,,,IC-19-N,1,IC,1,,North
253,4050,FRAM,early,2025,2025,22.5,14,2,5.48,No,No,,NA,IC-19-N,1,IC,1,,North
272,469,VIDE,early,2025,2025,7.5,4,1,1.67,No,No,,NA,IC-19-N,1,IC,1,,North
272,470,FRAM,early,2025,2025,34,27,9,5.91,No,No,,NA,IC-19-N,1,IC,1,,North
272,474,RHFR,early,2025,2025,49,10,4,5.06,No,No,,NA,IC-19-N,1,IC,1,,North
272,475,FRAM,early,2025,2025,,,,,No,Yes,,,IC-19-N,1,IC,1,,North
272,630,FRAM,early,2025,2025,10,4,4,6.22,No,No,,NA,IC-19-N,1,IC,1,,North
272,633,FRAM,early,2025,2025,32,28,5,10.02,No,No,,NA,IC-19-N,1,IC,1,,North
272,636,FRAM,early,2025,2025,35,20,14,7.21,No,No,,NA,IC-19-N,1,IC,1,,North
272,637,FRAM,early,2025,2025,56,46,23,11.27,No,No,,NA,IC-19-N,1,IC,1,,North
272,640,VIDE,early,2025,2025,19,21,10,5.49,No,No,,NA,IC-19-N,1,IC,1,,North
272,4053,RUAL,early,2025,2025,24,12,0,1.72,No,No,,NA,IC-19-N,1,IC,1,,North
272,4230,FRAM,early,2025,2025,7.5,3,1,4.32,No,No,,NA,IC-19-N,1,IC,1,,North
272,4231,ACRU,early,2025,2025,,,,,No,Yes,,,IC-19-N,1,IC,1,,North
371,1504,FRAM,early,2025,2025,,,,,No,Yes,,,IC-19-N,1,IC,1,,North
371,1701,FRAM,early,2025,2025,22.5,8,1,2.88,No,No,,NA,IC-19-N,1,IC,1,,North
371,1968,FRAM,early,2025,2025,33,24,10,9.91,No,No,,NA,IC-19-N,1,IC,1,,North
371,2372,RHFR,early,2025,2025,,,,,No,Yes,,,IC-19-N,1,IC,1,,North
399,483,PRSE,early,2025,2025,20,4,3,2.65,No,No,,NA,IC-19-N,1,IC,1,,North
399,484,PRSE,early,2025,2025,21,13,10,3.92,No,No,,NA,IC-19-N,1,IC,1,,North
399,485,FRAM,early,2025,2025,17.5,29,5,4.08,No,No,,NA,IC-19-N,1,IC,1,,North
399,486,FRAM,early,2025,2025,,,,,No,Yes,,,IC-19-N,1,IC,1,,North
399,487,FRAM,early,2025,2025,24.5,13,1,3.7,No,No,,NA,IC-19-N,1,IC,1,,North
399,488,ULRU,early,2025,2025,28,5,2,3.44,No,No,,NA,IC-19-N,1,IC,1,,North
399,628,RHFR,early,2025,2025,95.5,85,31,6.33,No,No,,NA,IC-19-N,1,IC,1,,North
399,638,FRAM,early,2025,2025,33.5,40,0,6.94,No,No,,NA,IC-19-N,1,IC,1,,North
399,800,FRAM,early,2025,2025,46,77,2,7.26,No,No,,NA,IC-19-N,1,IC,1,,North
399,4049,RHFR,early,2025,2025,44.5,5,1,4.24,No,No,,NA,IC-19-N,1,IC,1,,North
400,665,FRAM,early,2025,2025,10,3,3,9.32,No,No,,NA,IC-19-N,1,IC,1,,North
400,666,FRAM,early,2025,2025,32,47,29,12.02,No,No,,NA,IC-19-N,1,IC,1,,North
400,668,FRAM,early,2025,2025,51.5,28,23,13.64,No,No,,NA,IC-19-N,1,IC,1,,North
400,669,FRAM,early,2025,2025,25,27,12,8.93,No,No,,NA,IC-19-N,1,IC,1,,North
400,671,FRAM,early,2025,2025,41,27,26,8.49,No,No,,NA,IC-19-N,1,IC,1,,North
400,674,FRAM,early,2025,2025,108,78,22,12.04,No,No,,NA,IC-19-N,1,IC,1,,North
400,675,FRAM,early,2025,2025,47,29,7,5.38,No,No,,NA,IC-19-N,1,IC,1,,North
400,1638,FRAM,early,2025,2025,9,10,4,6.7,No,No,,NA,IC-19-N,1,IC,1,,North
400,1639,FRAM,early,2025,2025,36.5,74,40,18.33,No,No,,NA,IC-19-N,1,IC,1,,North
400,1640,FRAM,early,2025,2025,,,,,No,Yes,,,IC-19-N,1,IC,1,,North
400,1643,FRAM,early,2025,2025,24,20,8,3.68,No,No,,NA,IC-19-N,1,IC,1,,North
400,1644,FRAM,early,2025,2025,11,6,6,4.81,No,No,,NA,IC-19-N,1,IC,1,,North
400,1645,FRAM,early,2025,2025,26.5,19,10,4.16,No,No,,NA,IC-19-N,1,IC,1,,North
400,1646,FRAM,early,2025,2025,25.5,19,16,6.78,No,No,,NA,IC-19-N,1,IC,1,,North
400,1648,FRAM,early,2025,2025,22.5,15,10,4.32,No,No,,NA,IC-19-N,1,IC,1,,North
400,3264,FRAM,early,2025,2025,6,6,3,2.53,No,No,,NA,IC-19-N,1,IC,1,,North
400,3763,LITU,early,2025,2025,,,,,No,Yes,,,IC-19-N,1,IC,1,,North
400,3764,LITU,early,2025,2025,,,,,No,Yes,,,IC-19-N,1,IC,1,,North
400,4051,QURU,early,2025,2025,10,6,3,5.8,No,No,,NA,IC-19-N,1,IC,1,,North
150,4122,ACSA,early,2025,2025,,,,,Yes,No,,,IC-19-S,0,IC,,1,South
150,4299,ACSA,early,2025,2025,,,,,Yes,No,,,IC-19-S,0,IC,,1,South
153,2768,RHFR,early,2025,2025,,,,,Yes,No,,,IC-19-S,0,IC,,1,South
55,252,RUAL,early,2025,2025,,,,,No,Yes,,,IC-19-S,1,IC,1,,South
55,257,RUSP,early,2025,2025,,,,,No,Yes,,,IC-19-S,1,IC,1,,South
55,1913,RUAL,early,2025,2025,,,,,No,Yes,,,IC-19-S,1,IC,1,,South
55,3829,RUSP,early,2025,2025,28.5,12,7,2.45,No,No,,NA,IC-19-S,1,IC,1,,South
145,141,FRAM,early,2025,2025,23.5,76,6,9.45,No,No,,NA,IC-19-S,1,IC,1,,South
145,142,FRAM,early,2025,2025,145,193,24,14.6,No,No,,NA,IC-19-S,1,IC,1,,South
145,143,ACSA,early,2025,2025,10,2,0,3.29,No,No,,NA,IC-19-S,1,IC,1,,South
145,144,RHFR,early,2025,2025,79,25,2,5.71,No,No,,NA,IC-19-S,1,IC,1,,South
145,527,FRAM,early,2025,2025,61.5,117,39,11.5,No,No,,NA,IC-19-S,1,IC,1,,South
145,528,FRAM,early,2025,2025,61.5,66,15,7.97,No,No,,NA,IC-19-S,1,IC,1,,South
145,1100,FRAM,early,2025,2025,210,264,70,23.67,No,No,,NA,IC-19-S,1,IC,1,,South
145,2763,ACRU,early,2025,2025,9.5,3,0,1.72,No,No,,NA,IC-19-S,1,IC,1,,South
145,3517,FAGR,early,2025,2025,14,6,0,2,No,No,,NA,IC-19-S,1,IC,1,,South
147,29,FRAM,early,2025,2025,24,20,5,5.53,No,No,,NA,IC-19-S,1,IC,1,,South
147,3828,LOMO,early,2025,2025,23,219,17,10.52,No,No,,NA,IC-19-S,1,IC,1,,South
148,31,ACSA,early,2025,2025,9.5,2,0,1.72,No,No,,NA,IC-19-S,1,IC,1,,South
148,32,ACRU,early,2025,2025,,,,,No,Yes,,,IC-19-S,1,IC,1,,South
148,33,ACSA,early,2025,2025,,,,,No,Yes,,,IC-19-S,1,IC,1,,South
148,35,PAQU,early,2025,2025,18,5,2,2.38,No,No,,NA,IC-19-S,1,IC,1,,South
148,38,ACSA,early,2025,2025,,,,,No,Yes,,,IC-19-S,1,IC,1,,South
148,39,FRAM,early,2025,2025,30,26,3,6.6,No,No,,NA,IC-19-S,1,IC,1,,South
148,258,RUSP,early,2025,2025,,,,,No,Yes,,,IC-19-S,1,IC,1,,South
148,508,MASP,early,2025,2025,47,69,6,7.71,No,No,,NA,IC-19-S,1,IC,1,,South
148,509,ACRU,early,2025,2025,,,,,No,Yes,,,IC-19-S,1,IC,1,,South
148,510,LIBE,early,2025,2025,60,58,35,10.12,No,No,,NA,IC-19-S,1,IC,1,,South
148,511,FRAM,early,2025,2025,43,52,8,9.06,No,No,,NA,IC-19-S,1,IC,1,,South
148,512,FRAM,early,2025,2025,72,52,51,9.93,No,No,,NA,IC-19-S,1,IC,1,,South
148,3823,QURU,early,2025,2025,15,4,2,3.23,No,No,,NA,IC-19-S,1,IC,1,,South
148,3824,QURU,early,2025,2025,15,4,0,1.95,No,No,,NA,IC-19-S,1,IC,1,,South
148,3825,QURU,early,2025,2025,16,4,3,2.54,No,No,,NA,IC-19-S,1,IC,1,,South
148,3826,PAQU,early,2025,2025,8,26,2,2.53,No,No,,NA,IC-19-S,1,IC,1,,South
148,3827,RUSP,early,2025,2025,33.5,18,9,1.71,No,No,,NA,IC-19-S,1,IC,1,,South
148,4117,ROMU,early,2025,2025,,,,,No,Yes,,,IC-19-S,1,IC,1,,South
150,46,PAQU,early,2025,2025,19.5,35,2,2.85,No,No,,NA,IC-19-S,1,IC,1,,South
150,47,FRAM,early,2025,2025,65,49,35,12.17,No,No,,NA,IC-19-S,1,IC,1,,South
150,53,QURU,early,2025,2025,31,8,8,4.07,No,No,,NA,IC-19-S,1,IC,1,,South
150,54,FAGR,early,2025,2025,27,8,6,3.91,No,No,,NA,IC-19-S,1,IC,1,,South
150,1957,ACSA,early,2025,2025,13,2,2,1.68,No,No,,NA,IC-19-S,1,IC,1,,South
150,2311,QURU,early,2025,2025,23,20,7,6.66,No,No,,NA,IC-19-S,1,IC,1,,South
150,2618,PRSE,early,2025,2025,,,,,No,Yes,,,IC-19-S,1,IC,1,,South
150,2753,PAQU,early,2025,2025,20.5,10,2,2.67,No,No,,NA,IC-19-S,1,IC,1,,South
150,3597,CACO,early,2025,2025,7.5,13,8,2.61,No,No,,NA,IC-19-S,1,IC,1,,South
150,3830,VISP,early,2025,2025,5.5,4,1,1.36,No,No,,NA,IC-19-S,1,IC,1,,South
150,4120,ACSA,early,2025,2025,10,4,4,2.36,No,No,,NA,IC-19-S,1,IC,1,,South
150,4121,ACSA,early,2025,2025,12.5,2,2,2.16,No,No,,NA,IC-19-S,1,IC,1,,South
150,4195,ACSA,early,2025,2025,,,,,No,Yes,,,IC-19-S,1,IC,1,,South
150,4296,ACSA,early,2025,2025,10,2,2,2.13,No,No,,NA,IC-19-S,1,IC,1,,South
150,4297,ACSA,early,2025,2025,7.5,2,1,1.58,No,No,,NA,IC-19-S,1,IC,1,,South
150,4298,ACSA,early,2025,2025,10.5,2,2,2.02,No,No,,NA,IC-19-S,1,IC,1,,South
153,560,FRAM,early,2025,2025,21,7,1,4.77,No,No,,NA,IC-19-S,1,IC,1,,South
153,1591,FRAM,early,2025,2025,18.5,15,0,5.02,No,No,,NA,IC-19-S,1,IC,1,,South
153,1593,LIBE,early,2025,2025,,,,,No,Yes,,,IC-19-S,1,IC,1,,South
153,1594,FRAM,early,2025,2025,,,,,No,Yes,,,IC-19-S,1,IC,1,,South
153,1595,PRSE,early,2025,2025,37,28,7,4.5,No,No,,NA,IC-19-S,1,IC,1,,South
153,1597,FRAM,early,2025,2025,24,33,3,5.7,No,No,,NA,IC-19-S,1,IC,1,,South
153,1598,FRAM,early,2025,2025,,,,,No,Yes,,,IC-19-S,1,IC,1,,South
153,1599,EUOB,early,2025,2025,17,0,0,3.12,No,No,,NA,IC-19-S,1,IC,1,,South
153,1600,PRSE,early,2025,2025,20,18,9,3.77,No,No,,NA,IC-19-S,1,IC,1,,South
153,2310,NYSY,early,2025,2025,23.5,13,0,2.82,No,No,,NA,IC-19-S,1,IC,1,,South
153,2756,RHFR,early,2025,2025,17,7,6,1.81,No,No,,NA,IC-19-S,1,IC,1,,South
153,3804,FRAM,early,2025,2025,14,9,0,1.95,No,No,,NA,IC-19-S,1,IC,1,,South
153,3821,RUSP,early,2025,2025,85.5,63,4,3.47,No,No,,NA,IC-19-S,1,IC,1,,South
153,3822,RHFR,early,2025,2025,51.5,11,9,6.71,No,No,,NA,IC-19-S,1,IC,1,,South
